lng,lat
15.106115,-106.189737
24.535137,-99.639215
20.533505,-108.640254
23.081834,-100.876092
28.021312,-100.943819
22.188753,-107.826389
21.737090,-106.098257
30.670962,-105.847671
25.061653,-108.324225
20.667575,-108.440660
20.010440,-109.592074
19.842393,-101.408953
24.019024,-94.284841
12.086796,-103.692123
17.441247,-104.934236
13.972563,-108.702694
34.029233,-95.200628
15.309849,-99.675389
26.249328,-104.420084
19.779805,-109.230341
19.231868,-95.218458
18.309800,-112.449493
16.049056,-109.937889
20.452790,-96.337983
24.389121,-102.524881
29.869858,-104.794226
22.929060,-105.422612
17.676780,-106.153331
30.033312,-111.397833
19.896325,-104.171343
20.945190,-106.993861
18.337496,-102.064960
24.274941,-109.022757
24.674471,-96.808306
25.174651,-107.832060
36.805187,-94.787180
19.550415,-100.125787
20.889010,-98.063873
18.135837,-103.320517
19.428740,-104.542779
25.868676,-110.683662
22.179216,-98.763944
17.871395,-99.357546
27.513965,-107.292671
24.755270,-106.736369
30.583935,-105.127306
19.371648,-115.823711
17.394357,-101.576559
11.861334,-112.240573
16.159936,-108.249142
21.162713,-93.406113
16.110519,-111.534695
23.297502,-99.182846
18.819399,-101.772017
23.034011,-102.381882
20.788887,-94.697443
26.819603,-105.209947
21.660140,-96.845041
25.141147,-103.159830
27.067129,-107.467755
21.225711,-111.967524
21.228357,-98.978673
23.879533,-97.749036
20.739612,-106.232627
21.504228,-109.342154
7.194850,-111.091722
13.376246,-101.754206
25.009438,-106.442519
21.249933,-100.380752
26.645853,-107.837498
14.621967,-100.878671
26.585612,-109.589719
29.026596,-98.072311
16.727200,-96.795684
14.294925,-97.049220
36.091987,-121.774713
50.208229,-121.675328
35.071774,-123.482041
35.918621,-119.275760
31.263688,-125.513428
36.089490,-125.431743
41.158037,-123.054394
42.999085,-121.141494
38.244944,-116.234030
38.691883,-119.832626
42.383673,-118.675491
29.171507,-120.302260
36.686132,-121.817071
37.871448,-121.605677
44.354223,-124.539585
43.097858,-125.164448
38.291365,-121.679335
51.027100,-127.323945
34.609193,-123.317178
37.874365,-123.437763
33.905721,-121.478766
41.745141,-132.999008
40.077288,-126.942588
32.257646,-119.528132
21.567484,-123.707665
43.124970,-114.988994
35.973792,-125.680249
44.658000,-117.934870
28.317120,-125.976667
35.893835,-127.577322
47.045813,-121.977292
46.942532,-121.996477
39.785701,-122.747026
30.009462,-118.382897
38.275454,-126.439242
24.944600,-125.461996
36.707630,-121.407278
30.717479,-119.194509
38.163580,-118.302670
37.386218,-121.921306
35.514729,-113.821782
38.793630,-124.926562
37.353057,-119.010336
32.104541,-119.381205
38.504068,-120.263696
42.940267,-118.279572
47.451769,-123.169074
43.297592,-123.020201
32.956292,-124.232032
35.676279,-118.372348
36.199331,-120.616044
43.928058,-121.781939
40.830344,-124.746460
37.789523,-124.246478
47.346983,-109.155724
37.129081,-125.969723
36.682598,-124.868628
37.491567,-131.535926
34.962252,-123.903428
38.987009,-131.622611
37.037308,-114.782181
39.261097,-117.893182
36.619530,-127.252799
34.098791,-126.091197
40.988125,-122.661471
35.929842,-128.957494
34.892490,-125.510891
41.603173,-130.841172
39.813054,-118.829603
38.906405,-122.761488
35.535330,-136.542141
41.917035,-115.949683
41.683502,-131.110331
36.220078,-126.572311
32.354295,-119.868875
39.997597,-112.867866
32.297176,-122.606565
38.812367,-120.037006
44.795672,-114.440820
36.679413,-122.721112
31.995664,-125.848921
44.524174,-126.395342
35.116982,-114.890038
36.404968,-117.219726
40.781709,-116.464866
44.547230,-127.357006
36.187977,-121.067503
41.260639,-130.289191
38.086698,-119.374111
42.003801,-122.486628
47.842246,-4.970923
55.056807,0.921475
63.923498,7.547726
36.641500,1.724281
44.158584,4.450622
50.177336,-4.093494
48.425176,0.635364
10.139978,88.621563
5.321113,94.273514
-6.320660,103.825911
-1.556638,105.137842
6.613718,95.238668
5.386304,104.044487
2.271147,99.276010
7.800488,100.722120
6.587209,90.959613
7.238357,105.861485
2.589858,91.438775
3.221324,98.738822
2.656747,90.261090
3.952824,102.805317
13.977473,106.990353
-2.002101,94.213220
1.012817,102.783685
3.601610,102.050136
-0.924872,102.166726
5.357670,100.874070
-3.768940,100.271662
10.361465,103.449452
7.805010,100.256572
6.227013,98.668209
0.935191,105.564627
-2.719248,108.357604
7.730615,104.062661
6.236765,97.816053
11.181886,104.616334
10.574721,99.514183
-1.077629,101.981119
5.645924,94.234852
-2.624849,94.556953
1.676226,96.965585
10.322966,103.032640
13.602655,104.153487
2.116476,98.560163
1.548895,101.179557
7.915737,92.526509
7.790930,96.606618
6.638613,98.859185
4.628459,94.881373
9.302718,97.084091
-6.815704,99.506422
7.426078,96.989831
3.804704,98.709554
6.996413,94.015071
4.695348,99.737373
5.105839,103.896108
9.611198,98.982173
1.171804,101.561567
2.526373,105.049060
5.622910,101.461197
16.075682,99.795216
3.725873,98.597721
4.359845,97.354554
4.876888,100.206159
4.661392,104.118576
2.622509,109.044070
7.770305,98.996660
7.981658,103.638752
13.627589,97.971540
6.976419,104.233846
0.244004,98.098404
10.379944,102.492685
-1.820995,101.919663
4.744997,99.903578
4.749316,109.143365
4.937884,96.630295
10.050338,99.269579
-1.607136,101.952224
7.691832,108.975847
11.962243,98.994226
8.944640,105.905526
0.524000,107.095979
5.197630,97.631059
4.012455,98.194304
6.075315,95.289079
1.751829,103.158876
8.681647,106.263111
11.144032,101.408501
-2.732087,93.195389
5.469126,107.799406
1.702300,96.378637
6.115453,103.565685
2.184802,96.495979
9.482750,95.493627
5.372993,93.722265
12.428164,96.727491
0.065498,98.608144
1.109234,97.139383
6.538188,103.547250
9.629902,100.909650
5.965797,99.528568
2.388737,97.693064
9.385124,99.042530
0.994569,108.385124
1.594217,97.074677
0.831545,99.327991
-1.911554,104.890807
5.432777,98.094121
4.432210,98.863494
-1.382702,97.964355
6.428598,108.756781
0.910922,99.860581
5.100769,100.917138
-1.376149,99.358085
0.517434,98.794809
5.057867,95.849724
1.483723,95.705699
5.114903,95.462348
12.127060,91.657150
1.825759,98.837928
-1.977609,95.364002
14.321905,90.934983
2.196125,104.282701
10.324998,107.209925
9.559448,91.332432
3.874817,99.117902
1.290370,103.723205
-1.522169,98.392758
4.272740,103.954120
3.698641,106.001464
2.735605,102.906912
0.427539,98.441852
2.318648,96.993351
10.214620,94.338691
19.221828,93.238996
8.645058,104.386909
2.709821,94.330339
2.898955,102.279382
4.630133,104.488619
1.303667,104.063503
-10.306079,99.773644
-1.955277,106.693829
14.426792,105.590185
7.632194,95.061230
6.247844,92.763194
5.621924,106.611886
9.694602,102.225173
4.370807,94.300531
12.713846,92.904739
4.662688,101.403153
5.003701,101.954476
6.918541,102.222820
1.661217,109.076193
7.102872,102.389617
9.392900,101.223194
7.266428,99.600957
7.156982,94.230821
16.812850,103.807690
11.837289,108.000489
15.455926,97.169922
5.382686,97.439167
3.414826,96.340366
2.253764,103.414041
5.963963,101.166938
6.062210,100.271213
4.989289,101.968632
13.788996,102.843108
14.933001,96.804804
1.888258,94.675469
5.585768,100.670934
-4.837599,93.296617
1.774109,100.686943
5.551198,95.326572
10.469719,109.265019
7.258783,100.812853
10.641957,90.775032
8.199601,92.906765
6.507631,92.020026
11.738572,105.448153
1.520799,97.934402
5.018612,108.807649
8.471341,106.529638
-1.044929,97.241122
11.511109,91.775981
7.542785,110.075403
4.207871,96.516669
3.653152,104.067302
5.564473,107.577588
-0.200749,91.862723
-1.167373,106.962490
0.488173,103.059949
-0.912360,93.625731
7.738970,94.735517
-0.494708,95.332073
0.759829,100.639039
8.897422,92.875931
10.022655,106.059979
11.801604,99.311724
1.998546,103.559317
2.573930,99.358196
4.870156,99.207707
10.168233,95.024961
6.573776,106.090127
4.344490,106.050151
-3.369870,95.548722
8.295891,107.112904
0.857969,91.636515
5.187955,103.378177
4.175443,97.882827
8.464472,99.340916
-2.035766,101.546184
6.006438,99.625662
4.467074,109.906795
3.334804,103.370466
11.845565,94.644990
7.266601,98.550494
12.398626,98.585710
3.214667,91.666932
3.990842,103.832548
8.449047,95.482848
2.484754,102.746252
-2.390959,91.926149
4.554408,91.615645
8.206639,97.873858
1.855780,93.540897
2.309467,93.802094
7.159698,89.315636
-3.364009,102.578308
-1.255406,95.663719
7.227118,99.458458
-0.607319,104.108088
-7.912215,97.775397
11.922986,106.124358
6.938363,100.465022
0.437052,96.474674
4.507379,97.643815
0.623737,99.687297
2.835422,101.865204
0.702486,102.598052
5.658559,94.327525
11.167735,102.789673
10.070380,103.277797
-9.708503,110.719287
8.543384,95.615353
1.127068,105.107253
3.959418,96.618962
-0.331648,98.950824
3.539575,100.493665
5.108578,103.247634
0.300293,103.297156
7.513340,100.868635
1.694447,104.028330
-0.702868,102.312366
6.310173,102.964493
1.352280,101.432350
7.457006,104.017620
7.847681,94.707255
10.995081,97.757127
7.971450,97.517684
4.003234,97.183191
4.859164,91.166094
4.866503,98.142162
8.460749,95.345286
6.890191,91.322126
7.882397,98.346364
3.531520,106.942238
0.482935,102.238501
-1.586091,97.323000
1.152432,99.363292
17.351258,107.395663
-0.608298,96.520856
1.223480,103.647338
0.200251,100.346453
0.628138,100.826240
1.688084,102.773109
7.096421,102.948824
8.177739,107.578089
10.055491,99.678589
2.473438,99.968461
-2.987757,97.832721
2.303052,105.746062
2.625276,109.410511
0.127783,100.738427
6.922859,97.462792
9.795665,99.847070
8.085180,99.513891
3.918262,107.601484
10.299270,95.987012
14.918554,96.809292
11.982027,99.273210
1.410090,95.436022
6.905164,95.233590
14.462986,94.837356
7.649992,101.748618
17.068145,94.016493
11.947129,97.791263
-0.898876,105.198895
6.922900,95.317381
2.064730,113.167540
10.497428,93.065954
1.674031,95.691266
4.248644,94.206460
-5.712105,102.351703
9.747672,104.242437
1.629993,108.764107
2.925497,106.622956
8.122257,109.186442
-0.487195,90.987800
2.724539,97.247725
12.100342,107.133346
-0.611409,98.830253
-0.655259,102.695059
1.594878,99.031976
12.418907,97.325154
13.401939,101.236370
8.078852,96.157779
4.640506,104.427136
-4.221744,91.185180
-1.284664,98.251180
1.796743,95.802660
2.447196,98.416495
5.576803,100.057388
5.487785,99.087599
0.229899,103.688219
-0.058595,99.600955
8.561602,102.672946
5.818151,95.100334
2.521421,102.965720
2.278830,98.979495
1.911351,96.469786
11.963645,105.653085
2.306243,97.609364
-1.028963,87.856233
6.084523,105.773642
4.684775,96.943984
-2.682431,96.390346
1.700818,93.524930
3.710804,91.602346
-2.160512,99.441902
10.159111,99.254450
4.311473,95.369882
3.831079,99.864050
3.078948,95.261351
13.799141,101.907669
8.031740,100.405389
-3.809628,103.876110
15.247553,96.489927
-3.131204,102.392991
-1.417061,97.946452
4.055343,105.429275
8.319602,101.703597
42.612362,-75.074669
46.447285,-69.258931
41.449719,-75.348710
39.521093,-67.211662
42.669350,-78.333383
37.301978,-81.437232
36.453613,-77.948284
42.630644,-69.622398
39.200650,-68.405525
31.404884,-70.120126
33.886592,-75.117549
45.087916,-73.868746
48.068982,-68.120660
35.487581,-78.001714
38.680654,-71.150576
43.928481,-75.248915
45.760914,-71.279677
43.131019,-76.455682
40.122918,-80.983884
43.887338,-73.303339
43.605498,-73.735406
43.108670,-76.229134
42.179080,-67.132557
44.030301,-71.070539
47.384819,-65.546672
36.220588,-68.631824
44.911525,-69.141053
39.290131,-74.374390
43.655268,-71.366167
42.847094,-72.075270
43.424836,-73.712783
33.652862,-80.631356
36.122334,-78.454407
42.338492,-77.840620
38.942456,-68.450644
42.468033,-66.545541
47.037979,-79.248076
36.868477,-74.277039
34.765880,-74.062671
44.110229,-79.807907
22.327838,-67.900620
43.431417,-79.073688
39.981619,-82.722890
44.571752,-76.787007
43.331448,-75.682750
42.301961,-67.787378
45.665307,-79.770092
40.353143,-67.639036
43.524166,-76.120610
35.852577,-75.708092
46.387317,-73.299989
47.415906,-74.568250
42.467703,-74.623487
35.623676,-79.963105
45.353376,-73.266184
41.083293,-64.828301
36.211286,-69.357173
40.875870,-81.409868
42.448806,-71.583702
39.527806,-79.925304
37.646111,-71.736076
45.280951,-75.092954
39.318427,-72.972971
47.976827,-69.915861
44.054864,-76.789472
40.414882,-79.375785
33.582480,-68.562567
45.775293,-75.065102
40.052435,-81.880359
47.278145,-75.285985
42.690259,-77.516040
42.426127,-67.173809
36.404189,-66.584514
49.279663,-78.897351
39.908893,-73.368159
45.102619,-63.254583
38.389914,-70.986427
34.235271,-69.314997
39.552276,-71.652996
43.696320,-70.047376
41.938530,-79.320121
45.887757,-79.140894
43.330474,-71.804479
31.608777,-76.792515
38.847640,-78.689046
44.815829,-77.201711
54.838176,-68.852426
47.655935,-79.861564
44.390778,-75.614026
50.349240,-77.266478
46.264743,-81.046163
45.494958,-77.672975
38.894417,-65.301004
41.400782,-78.225862
38.515145,-73.458963
34.323774,-80.388393
45.615818,-76.613746
34.549757,-76.655470
35.445279,-78.808680
43.018728,-77.445925
48.057230,-66.064160
34.106848,-79.092649
45.873906,-64.648611
47.922810,-71.886380
43.947069,-73.282259
40.708460,-79.217310
32.601334,-86.299310
35.555462,-80.545063
40.591848,-84.370577
35.087242,-82.504437
32.467294,-86.592791
33.820093,-79.509301
27.917275,-76.362544
41.225518,-74.316733
35.829010,-84.681140
36.430353,-86.740207
35.570219,-82.826699
39.982171,-84.181163
29.657493,-82.995698
34.466592,-77.903036
32.963574,-84.000635
42.806692,-80.683812
31.476270,-93.445984
38.918160,-90.474582
35.682048,-78.254398
21.819402,-91.710569
30.130219,-75.496729
33.955419,-93.437112
40.360736,-80.644107
40.995365,-79.451578
30.402741,-77.409419
39.438663,-70.013259
32.103438,-86.245125
36.273419,-76.729998
34.636521,-80.618836
36.591801,-81.320422
28.054381,-78.825575
32.799586,-84.002343
23.967212,-93.098058
43.545683,-87.919559
37.666088,-86.124802
41.830581,-82.731485
36.805568,-75.606221
37.094174,-90.792949
41.236945,-80.571377
39.896418,-83.170488
36.127481,-87.288958
30.623953,-83.746855
37.602637,-76.271348
33.897782,-78.668678
27.987782,-86.921495
31.905636,-78.659545
33.862593,-90.051644
38.822737,-86.344065
25.930082,-79.799679
39.568916,-89.077426
40.795137,-83.147468
37.373958,-82.500722
38.229711,-82.692372
29.878776,-83.432552
31.083826,-82.467191
29.884536,-78.684012
40.534207,-82.096710
35.489081,-88.431547
35.001974,-75.727580
31.245840,-80.520325
42.929376,-89.587973
43.779440,-74.628796
34.460415,-84.136628
24.146627,-85.367727
34.704694,-81.027064
35.124053,-82.211242
27.280683,-78.759200
36.099174,-94.412040
34.802694,-85.061980
38.534861,-88.582195
25.408135,-78.024139
32.703852,-93.801318
27.107940,-73.979213
32.254426,-87.023396
26.982903,-84.211351
34.542818,-77.025281
39.023027,-66.915439
31.955239,-78.730685
35.602608,-78.050900
43.844278,-74.724979
40.409602,-82.971431
39.923508,-76.434090
29.051694,-86.777068
35.351003,-86.003773
33.987515,-80.943447
34.676582,-79.814436
34.450811,-86.864279
36.491445,-80.748118
27.882722,-88.625655
32.146843,-80.378164
37.333557,-83.734548
33.307252,-80.041937
37.713477,-83.470115
36.564385,-86.321857
37.068431,-88.594066
37.616267,-83.810268
24.784756,-76.641376
34.612474,-82.811651
29.448716,-90.499787
30.669682,-89.439132
35.598579,-85.696105
41.040423,-75.627676
38.980963,-76.916807
32.035399,-88.630617
20.279694,-89.413529
38.244658,-85.709662
38.538853,-82.377194
34.640024,-86.839110
37.451968,-83.764621
34.412972,-82.867753
27.280321,-86.899517
32.976266,-89.117381
36.615508,-90.839174
34.084510,-89.950222
30.354605,-75.187909
31.491697,-80.686512
25.213497,-80.388395
31.049367,-84.582130
36.637811,-80.488211
33.459529,-78.319510
25.852868,-81.490438
35.408800,-86.990987
38.671956,-84.218668
23.405015,-76.986605
27.527190,-80.884528
35.528927,-86.552843
36.125403,-82.574772
33.436241,-89.840222
37.541896,-82.903660
36.934386,-86.358587
32.632001,-84.059623
39.658393,-78.621052
33.660915,-81.273165
38.762512,-78.661460
24.148673,-86.830568
32.833406,-87.526612
38.218934,-87.960492
39.290264,-75.769121
31.615271,-83.736640
44.183177,-73.750409
39.127775,-86.713525
27.179322,-86.571976
33.170532,-81.685066
37.799030,-78.503605
31.646806,-85.025673
43.429614,-81.079255
36.455663,-88.916365
39.481567,-82.062226
38.081309,-79.230558
43.339364,-72.578642
25.666338,-84.266369
38.657424,-79.515147
37.711035,-76.242831
38.287441,-78.727127
34.061581,-77.875687
39.390012,-84.417108
33.646708,-74.502837
25.438686,-80.081936
41.419062,-80.316558
34.894138,-79.167114
35.088009,-85.909110
40.901613,-79.106691
37.163457,-74.551028
35.582184,-76.748537
38.071165,-77.223289
25.216495,-90.907578
38.110606,-86.814781
33.374510,-91.303511
33.419582,-86.861174
41.017175,-77.844337
31.096559,-80.003162
35.306258,-81.454244
38.810719,-81.502607
25.017514,-79.929088
31.615517,-89.523348
41.817396,-85.356411
47.628850,-72.733826
31.253935,-83.559914
37.556724,-80.492286
37.700737,-77.402953
30.860069,-85.902894
32.682983,-77.599612
36.706263,-82.165179
39.090372,-82.341601
39.593100,-84.507939
33.203112,-73.585306
36.067187,-89.748219
39.281115,-80.634446
46.659306,-80.408129
35.232917,-82.837426
30.354101,-79.694352
32.561631,-82.957368
27.077424,-89.862254
43.845301,-77.456658
38.911132,-78.705187
34.689855,-84.551582
34.422409,-83.714731
28.329620,-84.545882
34.881827,-86.473832
35.166418,-75.195408
38.920472,-87.637550
33.669285,-84.576911
40.343301,-73.948273
36.671446,-81.507481
31.837667,-72.417682
36.272519,-81.068458
37.844283,-82.378709
35.736390,-89.107408
30.515861,-87.355487
43.089201,-85.293973
40.371475,-74.880832
34.624387,-88.379793
41.232491,-85.427606
38.641701,-75.489350
26.451086,-90.409773
28.134230,-84.613170
30.610675,-81.630946
35.137911,-81.185146
37.033238,-76.917771
33.617095,-89.482068
34.562490,-80.664658
36.600419,-80.915988
39.665053,-89.413665
41.831841,-85.422747
32.515719,-80.423625
37.317771,-80.023588
36.792420,-84.961785
31.088568,-82.173404
29.028479,-81.074983
27.142587,-90.350715
39.801052,-82.216500
32.802931,-82.959132
35.373047,-85.551769
42.913485,-98.082061
38.797878,-84.632563
44.842501,-82.557543
47.748164,-86.158405
35.525836,-83.360761
37.675990,-75.323489
37.172010,-86.646823
35.182736,-82.736014
40.181762,-89.726361
52.325871,-85.896774
40.637813,-101.831123
33.651129,-88.321285
40.826767,-88.680884
49.489438,-94.562529
38.221657,-82.423816
36.816721,-90.249220
41.706520,-105.765875
45.541330,-85.625139
44.590131,-84.778731
45.972977,-87.766901
37.813181,-84.290071
39.268800,-82.642702
45.999769,-84.276584
41.438635,-87.939247
38.617418,-88.271594
46.873945,-88.612525
32.473326,-95.254581
39.050506,-90.093596
34.437261,-97.240617
36.489705,-88.691012
36.452835,-93.458913
45.756441,-84.341785
32.205709,-84.759750
35.393539,-94.495748
44.698034,-83.263154
44.754699,-93.888332
43.202129,-83.479991
38.859643,-86.798138
39.715182,-93.624258
39.533874,-90.458045
50.152380,-88.513594
40.808733,-86.436279
43.269433,-81.906512
37.133897,-93.431278
50.602085,-84.446383
37.488898,-87.397567
40.901302,-82.685713
37.280958,-90.948169
34.852996,-84.882186
44.826827,-85.284903
47.271497,-74.601215
36.377440,-83.420539
40.486501,-89.954598
46.284718,-81.669055
46.597038,-88.636723
44.872845,-86.314907
40.917377,-83.448202
39.527652,-89.078238
34.374495,-88.502122
48.834673,-83.758419
45.029306,-88.794376
43.249690,-91.217083
42.939358,-84.235668
51.015571,-91.845991
45.573601,-88.026644
42.066649,-91.751468
52.209009,-89.263298
41.081915,-94.324365
42.744445,-98.582670
46.083712,-81.921137
38.755486,-87.911390
39.235558,-87.253887
34.700634,-85.450182
39.188683,-87.787714
45.091017,-89.792635
44.355019,-86.770268
41.134343,-87.337537
37.611689,-86.313980
49.713073,-93.210877
42.104812,-85.868636
43.787714,-85.105357
41.343077,-83.568563
38.576860,-80.790261
36.577472,-88.540635
42.553168,-91.228905
33.450797,-93.454873
37.397254,-91.738758
41.018835,-81.858839
37.530960,-88.336431
47.760850,-75.490587
41.315614,-87.032996
38.488270,-95.143029
48.885985,-89.152345
35.239357,-105.009567
39.509844,-89.763764
39.225936,-81.846151
44.853852,-90.807447
43.424453,-90.777860
40.919094,-89.880142
46.288420,-86.106237
34.115926,-82.573639
39.903458,-88.277751
36.239672,-89.913174
41.162737,-89.421118
48.875520,-83.007244
39.791134,-85.798209
46.685490,-91.805854
34.593207,-94.202501
42.084982,-91.961330
35.772978,-93.087602
46.939977,-102.162966
34.395183,-83.965584
30.415733,-79.665085
42.896540,-93.690413
42.162537,-84.917461
37.299236,-87.701068
28.485919,-91.574387
42.247962,-91.901797
44.949100,-88.723564
42.726697,-91.621269
45.750570,-79.970568
49.865585,-92.895683
40.387866,-92.335935
41.175123,-91.429234
39.669318,-87.971441
42.316599,-89.539047
46.447903,-91.644060
40.784221,-81.900964
48.008190,-84.858822
45.068831,-85.951434
38.901082,-92.734210
43.985575,-83.099216
48.755396,-96.021976
46.635867,-87.228829
42.855323,-95.134306
41.764675,-91.213767
50.895472,-79.828667
35.385269,-78.616252
50.523391,-88.200597
41.108367,-87.973874
41.299249,-88.869137
36.999488,-88.566173
33.423693,-88.835546
41.436400,-83.400825
38.841563,-94.248741
43.216848,-82.403352
44.155846,-93.960487
45.247734,-88.988448
48.405564,-91.694877
35.295859,-92.514030
42.306911,-100.708395
37.294878,-89.853554
42.266387,-81.244586
31.236580,-86.786774
49.534245,-89.784597
42.579949,-87.654650
48.038369,-88.159552
46.599102,-89.395615
37.005897,-85.673275
39.062384,-90.478490
40.917037,-85.744008
45.949174,-94.276601
46.641033,-83.223624
40.707331,-87.573665
42.631227,-81.371690
33.519712,-89.525073
36.010515,-94.153352
33.719833,-92.363423
42.629883,-90.732119
48.482456,-79.709694
44.404230,-96.217823
45.884918,-81.282080
35.968733,-91.644534
38.511115,-89.206704
49.352024,-87.447022
46.105549,-82.744440
43.985756,-89.559587
46.819913,-90.523020
38.882766,-89.408592
42.121134,-88.470561
50.527936,-91.342772
38.402685,-88.156073
45.939463,-85.086450
35.495932,-85.756173
45.322482,-87.075740
40.093409,-94.197510
54.987200,-91.062271
39.058191,-85.503441
53.008980,-73.487301
42.634992,-87.936038
43.707212,-89.890015
32.328135,-86.072176
48.379424,-87.909016
42.552811,-90.393568
47.290556,-91.191910
39.511752,-88.452240
39.371537,-93.974420
40.386165,-89.189300
42.624936,-90.362097
34.024625,-86.648276
45.509087,-79.604555
41.728293,-88.284586
42.736070,-79.221565
39.331576,-86.450460
45.388869,-85.815177
40.211526,-88.002425
45.915583,-87.015933
39.945996,-79.495881
47.281886,-92.836502
45.259881,-93.122723
39.500247,-90.433151
44.207344,-91.283483
42.388768,-91.909530
42.944098,-84.472021
46.136595,-88.336545
32.353798,-89.340026
38.809814,-96.303526
42.848826,-82.204319
43.742749,-85.094523
39.044646,-81.917660
43.236708,-93.450079
29.943092,-87.895841
43.766751,-86.844164
40.384210,-88.887508
46.237563,-91.854055
43.658069,-79.706373
48.966029,-93.549475
36.115131,-87.267881
42.268408,-86.951349
43.956097,-85.348428
54.603838,-83.590827
32.557931,-83.335635
35.096837,-78.262936
45.533211,-85.077682
34.663793,-86.649353
36.425237,-83.559271
50.591313,-83.117466
43.818026,-82.780868
44.560408,-82.359897
32.785847,-98.937887
43.672036,-88.172643
36.794224,-85.402170
43.788465,-94.876134
49.981203,-86.144135
35.016106,-81.168902
43.089213,-93.201483
43.780525,-86.600704
44.418276,-88.575185
43.853138,-88.334295
35.568296,-87.768820
44.238818,-93.657274
41.954298,-91.761165
38.567740,-92.850943
42.735275,-82.536457
41.295366,-82.330716
38.357917,-79.204439
43.264853,-95.071476
50.723358,-86.578272
42.631545,-94.562883
39.915661,-98.178953
46.584140,-87.447796
31.507703,-88.158720
48.988491,-93.799744
46.073641,-79.077219
35.954150,-82.718369
43.766369,-85.227217
43.134354,-90.936485
43.519027,-91.672975
42.427978,-93.223470
38.105187,-87.217324
27.775700,-92.571100
34.501058,-91.174133
49.802329,-85.498927
43.825641,-87.977124
42.863472,-85.333134
40.277005,-91.200782
44.191738,-88.884331
43.396209,-82.093094
39.525026,-79.582035
42.766951,-83.358184
39.781259,-89.669645
39.509077,-82.265453
41.067249,-89.372937
45.395682,-80.854911
44.981559,-87.013279
33.738965,-89.143891
34.594381,-86.441540
39.518011,-85.918895
44.509319,-86.178520
35.520545,-90.583106
46.778937,-86.105339
29.010642,-89.955099
39.940031,-89.550025
33.614456,-95.062042
48.812568,-90.420139
47.848737,-85.119681
39.350557,-88.389671
37.196439,-86.799504
43.643169,-88.177826
41.289307,-87.258756
39.173533,-91.909490
42.158736,-85.558389
45.370647,-89.047965
44.680291,-86.049439
46.759764,-85.260521
43.373233,-79.472148
36.337897,-88.792400
43.738292,-87.544122
40.946723,-93.092850
47.267360,-90.920664
49.980803,-94.391447
46.132059,-90.088199
38.146419,-97.009139
35.878890,-83.942416
45.579797,-95.099765
43.196918,-88.482753
50.813520,-82.441401
43.762570,-93.395550
40.971981,-82.888251
37.028618,-88.286256
38.154957,-87.991386
44.664540,-80.237423
38.508107,-81.469894
36.528079,-83.430639
32.469680,-94.434423
41.988387,-99.696366
43.340783,-88.375816
40.694205,-88.278479
31.717448,-76.464058
45.091750,-74.071076
52.244136,-91.269084
43.297863,-98.029723
44.401536,-83.724992
45.882948,-87.755581
36.169766,-85.170794
41.652930,-99.829671
43.375728,-85.140039
32.942657,-88.875197
50.524916,-96.594989
49.379061,-86.164557
44.799572,-88.910922
44.515137,-84.483354
48.201989,-99.675999
47.196948,-90.332409
39.714696,-87.119408
39.873202,-90.560340
42.689220,-90.829287
42.999307,-97.406767
37.793568,-80.704090
40.857226,-90.614717
40.975911,-87.559442
52.141096,-84.358185
46.899451,-83.356658
36.673535,-97.382459
57.571303,-84.618194
39.093801,-88.869307
40.531519,-91.739157
42.083125,-89.689825
45.846081,-91.361827
41.622986,-77.568549
49.814324,-98.569638
40.924430,-89.223318
43.413856,-89.988468
42.569370,-93.958553
37.653178,-86.892948
36.784360,-88.990745
34.338444,-87.353097
41.720855,-91.663905
43.037343,-88.528959
36.876603,-87.705484
37.467846,-86.782710
52.582313,-85.641926
44.644064,-85.586086
36.125217,-88.220988
42.076166,-86.592048
47.193182,-82.351183
46.800286,-83.313662
35.787631,-91.786368
45.835976,-86.358783
38.054322,-87.188793
45.022546,-83.737917
36.104207,-90.585038
54.438175,-88.060703
41.144975,-84.363547
44.331103,-84.323414
36.434311,-94.193165
36.542717,-83.117444
39.979661,-93.718159
45.533690,-93.422662
41.161745,-84.268712
44.553438,-91.779899
40.647119,-93.808615
50.649233,-89.055994
34.737344,-85.964467
34.169369,-85.085724
47.270951,-94.100082
42.595206,-91.855195
45.191214,-90.992503
44.781325,-97.053264
44.418667,-88.134243
40.795178,-81.722938
44.095235,-85.897394
34.964910,-90.379652
40.451683,-91.002387
40.833998,-83.543148
39.817421,-90.231260
35.629544,-87.745681
42.271158,-91.020841
48.776364,-85.338168
44.493466,-82.536671
46.031178,-94.907566
39.083608,-86.137467
40.513512,-86.313022
37.368497,-89.421910
34.393639,-88.400962
30.672024,-87.408092
34.861494,-85.088983
40.953560,-83.970327
26.658155,-87.290916
37.521572,-94.580848
43.129763,-94.379633
42.175587,-87.839148
32.493757,-87.415304
37.689718,-85.386978
43.199598,-79.782801
45.600457,-92.748817
36.080103,-87.594091
41.683406,-82.148869
43.390820,-82.656564
43.036188,-79.654463
39.724441,-87.708787
37.053540,-85.458860
37.386658,-82.987316
36.377797,-83.684334
46.745845,-80.233879
39.914488,-91.863047
49.657379,-91.551036
39.924621,-96.763674
38.633337,-82.994073
41.698948,-82.605730
45.410587,-88.815752
36.264772,-83.373306
36.102306,-94.698540
40.766293,-95.458404
33.115651,-91.399262
39.188260,-85.314173
45.222062,-84.777017
40.732934,-96.033254
49.821491,-95.047708
48.327733,-91.271531
35.495775,-95.054223
49.347457,-89.653556
40.397282,-81.802411
45.719302,-87.284959
39.242882,-82.721660
45.214507,-93.601610
36.486737,-80.150532
47.203143,-76.265953
50.533476,-87.794596
45.672877,-87.350969
39.950285,-87.175313
39.262552,-80.179183
51.008709,-91.037812
49.555021,-87.846235
44.164284,-87.405113
40.062673,-89.458316
38.024342,-89.541151
38.531446,-85.573945
30.954416,-89.803212
44.873661,-88.224431
39.954118,-85.585446
44.950993,-90.314736
38.780126,-89.365738
45.548297,-85.473876
44.136459,-80.818270
41.269580,-87.679219
39.786067,-94.142094
47.925752,-85.413645
43.119797,-94.286768
31.115218,-81.631135
50.991665,-94.000849
50.844893,-87.603334
48.428349,-86.610445
44.813944,-85.262477
41.068971,-91.935311
46.121909,-91.302079
45.699834,-82.009957
48.556246,-94.780150
41.985543,-90.423785
44.508200,-90.465202
40.788537,-86.391576
37.870122,-90.799348
44.335115,-88.044879
49.153774,-80.234872
43.241439,-99.664592
45.660115,-89.019135
46.471749,-85.880035
38.641388,-83.130969
42.269933,-83.167146
42.217557,-92.262603
44.156378,-84.750008
40.718117,-90.145385
47.652892,-87.186099
48.827281,-90.194529
43.910211,-74.656999
38.428050,-86.775889
42.873374,-84.955301
42.911239,-85.791148
44.556832,-96.023472
50.509855,-85.653541
44.915981,-86.171409
30.833755,-93.796004
36.705418,-79.768367
50.401519,-91.062134
39.257544,-85.295207
47.099780,-83.950965
42.646068,-88.201573
32.999342,-89.234280
46.355785,-92.273319
39.169818,-89.839862
35.861344,-91.536698
47.265497,-87.103294
51.883104,-86.106209
40.598540,-90.327525
47.693834,-82.105054
43.156619,-83.948275
42.206707,-79.197307
44.072883,-87.665264
43.589144,-92.149157
43.994107,-98.147511
37.671490,-91.684808
37.638063,-90.166736
42.209536,-91.738732
33.744319,-87.264361
42.347490,-85.185063
43.554676,-88.284800
34.310539,-94.813610
37.314400,-75.218257
39.439996,-83.062581
39.886094,-96.299166
37.959428,-85.523080
39.286215,-95.111764
44.102643,-83.860815
35.505826,-89.061832
41.901626,-93.880097
42.777538,-86.551739
42.361542,-93.252135
45.752348,-89.511125
51.275068,-89.195869
37.204366,-79.305671
40.636329,-87.255838
42.751968,-98.884083
35.731126,-92.576406
37.220672,-94.175668
39.523344,-85.084267
36.626901,-85.451711
37.320635,-96.209633
35.324487,-86.487961
42.341331,-87.576387
45.726129,-93.958278
39.925363,-91.210449
46.912253,-80.784221
41.364796,-90.735882
42.246958,-83.350956
40.507343,-88.845484
54.531223,-92.170895
38.458542,-95.171195
37.732366,-88.358730
40.913047,-92.030772
42.960098,-82.482057
41.569288,-75.202191
42.117121,-91.316190
44.226012,-93.327677
40.683707,-86.784743
44.502167,-87.777467
43.589741,-91.863303
31.038117,-93.581615
38.328728,-89.111918
40.321827,-97.185014
44.497568,-86.727605
42.568630,-88.626858
40.101896,-89.102013
33.940093,-92.683509
36.585127,-86.401237
32.399879,-80.345303
40.151441,-83.124241
47.032065,-95.493319
32.812697,-86.599805
41.692070,-81.844519
34.621161,-94.427071
46.058830,-94.835120
40.171151,-93.292426
45.401329,-86.081318
43.246926,-82.227088
34.164566,-92.603921
37.864925,-95.221445
35.571772,-90.788373
34.267588,-86.541362
42.352696,-88.807656
43.285560,-93.016147
37.014302,-80.524057
48.605234,-92.565306
35.269896,-80.283748
47.784373,-83.137763
44.959089,-87.767344
42.275583,-93.906531
45.520261,-92.631047
36.350154,-89.239836
36.102196,-88.109092
40.378480,-85.212572
48.141030,-92.059236
45.169881,-85.889144
51.665844,-84.708451
38.198255,-91.361422
43.917123,-91.303164
35.037089,-85.979588
42.721364,-86.026095
46.382036,-83.230096
35.691882,-85.674857
50.402074,-92.331278
29.470706,-88.893751
35.938393,-85.268741
46.217908,-85.250739
43.275635,-84.325876
39.250618,-93.373149
34.497414,-90.650250
38.818264,-81.505901
44.330150,-86.910519
40.317448,-83.138347
47.838285,-73.855071
50.998303,-83.773932
46.568250,-88.794546
41.958233,-82.897147
48.879684,-93.124830
38.878906,-101.252116
49.273845,-90.483254
41.974502,-91.101827
35.446186,-87.479131
42.405980,-92.813048
49.518991,-95.688894
37.005321,-85.322545
46.597880,-90.325747
50.015893,-78.068329
43.777544,-86.311287
53.304179,-83.609763
42.183735,-92.018403
45.607214,-81.474972
43.849544,-85.846102
39.318833,-87.629750
42.329160,-84.875493
43.646080,-93.858930
40.491710,-89.696894
51.034152,-80.929659
35.477370,-90.253776
36.990274,-83.280304
47.412933,-89.045186
40.388479,-91.158370
44.602501,-91.642438
43.247106,-86.511288
44.600437,-81.274401
48.666226,-85.896189
35.318378,-92.684591
43.005271,-84.832248
41.467295,-85.303023
36.224503,-96.223718
41.469452,-87.071130
44.910803,-89.600929
47.153290,-82.109441
36.597900,-79.836505
30.562190,-86.806462
35.224008,-89.589741
38.316302,-88.924018
35.593572,-91.681186
44.605969,-92.259054
45.689047,-92.630891
40.166300,-89.091852
42.126781,-86.410463
40.683301,-86.027606
39.828410,-87.733275
46.036192,-96.171650
42.038080,-95.160823
41.670863,-92.989695
43.212558,-91.042077
45.944411,-87.911414
49.187808,-81.399266
39.165384,-94.992554
44.820156,-95.061842
33.869316,-93.506129
40.477201,-89.700728
37.709292,-92.180728
38.951759,-86.352863
37.907046,-90.350455
35.269079,-94.543545
29.955314,-90.849913
31.765080,-87.011426
36.309247,-91.971778
38.319210,-76.345564
39.706416,-93.181440
34.411721,-88.160019
48.333528,-87.595980
34.765310,-122.321407
34.762718,-126.343002
44.231909,6.207894
49.051986,-0.144342
43.728333,7.956510
22.491539,-102.465160
22.985274,-96.727237
31.018411,-116.075803
30.567812,-99.702313
24.942813,-102.365895
24.447669,-104.175462
22.381172,-94.054504
16.838094,-108.084344
27.898236,-110.953599
17.409617,-103.560684
17.450439,-103.786027
18.403131,-101.653016
19.355970,-103.070842
23.282373,-105.608628
22.444495,-99.212877
20.401623,-101.954861
22.340007,-105.700766
20.181150,-100.828039
21.604494,-109.237638
27.362213,-94.480881
16.403359,-105.736342
25.732209,-107.452190
17.102834,-104.795940
14.340936,-102.641128
29.606933,-102.083907
27.660537,-98.916787
27.147554,-103.454775
26.648440,-103.303967
24.460104,-96.004668
18.794634,-100.272936
18.364204,-99.794536
17.924105,-99.018810
25.408615,-104.244523
20.727787,-108.654882
13.211136,-117.238077
15.878723,-110.918180
12.319302,-99.669749
18.153208,-98.026256
20.520331,-99.125553
20.187260,-105.823877
23.623569,-100.255924
26.019425,-107.163078
16.663741,-95.359711
24.859684,-103.768151
24.584601,-100.852827
18.975063,-113.115170
22.098348,-108.195004
25.160537,-103.660856
18.123394,-97.733229
23.413819,-95.115376
21.091295,-101.822133
17.249807,-113.367123
14.864479,-103.693678
18.188134,-100.191140
29.396436,-93.766994
22.878513,-103.252831
30.445606,-108.143909
23.284367,-94.284876
27.356031,-103.711410
21.727054,-103.677711
24.459550,-104.435649
20.038979,-103.677358
21.109227,-101.624760
18.498607,-99.541523
20.729471,-102.268022
25.720400,-106.529932
28.275156,-106.207058
18.237502,-106.833647
12.904229,-113.500764
11.708306,-102.023919
14.227879,-104.565076
24.197781,-103.501876
28.341375,-106.942819
21.666093,-107.330115
17.944684,-111.045268
21.349234,-109.655626
7.971341,-100.644096
27.724299,-101.976208
18.883966,-115.017800
25.433392,-106.107108
21.833713,-102.353032
20.727802,-106.181117
27.179880,-106.591706
29.812624,-117.523504
15.781823,-103.336386
20.138061,-99.207948
5.117384,-115.545546
23.547915,-99.278760
17.293614,-98.431454
25.561528,-99.182147
9.704498,-101.265365
22.827495,-99.636906
20.795528,-104.545814
14.863764,-102.648058
21.858499,-104.280353
19.691310,-100.212923
20.138122,-106.138595
22.111725,-100.472401
21.522200,-96.097352
22.921944,-95.847470
19.667106,-106.744869
15.715124,-102.662180
9.379190,-98.415627
29.299359,-108.715977
17.467670,-100.248965
17.461584,-101.812067
20.956736,-108.624744
7.266935,-100.546942
24.112098,-102.538072
23.702990,-105.641804
24.707824,-99.666516
26.080013,-103.839830
28.519824,-110.225951
23.492050,-115.122242
20.653845,-111.998726
16.068721,-98.016911
16.052589,-106.246965
9.494535,-94.841813
17.997780,-111.291197
18.756045,-97.991083
24.713974,-109.101791
18.929509,-92.858950
16.523189,-98.059385
25.972014,-100.269934
14.309807,-102.009437
29.882325,-106.597548
17.053516,-111.985135
32.014569,-89.358031
17.371878,-105.141021
19.419055,-99.450585
26.691359,-95.876678
19.065203,-100.165705
14.878623,-107.380098
15.361265,-99.386371
23.752078,-110.074974
22.358690,-100.069220
21.807956,-101.436105
19.675733,-107.038312
24.356177,-110.544785
20.671207,-104.291717
22.563113,-103.241208
15.778479,-106.895888
22.246179,-104.891805
23.396481,-106.061598
17.931127,-104.813809
17.648392,-98.826831
19.603262,-96.113297
17.053383,-106.401319
18.214411,-111.630418
9.465491,-109.478219
14.776530,-109.690428
20.334474,-99.105032
21.299042,-113.642329
26.138350,-98.405106
21.764848,-112.667658
25.007613,-112.753365
19.745112,-100.062232
14.075586,-110.030760
25.259850,-104.943862
19.793785,-98.142374
20.824949,-93.540496
16.785646,-98.871121
18.819678,-105.219608
22.792973,-102.444125
17.799035,-96.289373
22.813449,-96.481927
20.211456,-104.800359
30.859055,-101.576760
29.550241,-100.768054
17.762859,-103.526854
23.147386,-94.155640
24.375690,-108.847632
15.564314,-106.984760
17.628158,-109.438808
26.554073,-107.898424
18.450580,-103.100467
15.660067,-111.557364
23.607274,-99.846275
12.713446,-103.806891
21.068042,-104.159267
21.964402,-99.825356
18.413928,-107.274759
30.164269,-103.729979
27.244255,-103.624276
19.401049,-102.021324
26.372964,-101.564699
17.786807,-102.431848
18.603168,-110.052444
16.742798,-110.507451
24.289438,-99.161968
29.976024,-101.283126
21.159361,-105.937950
18.932401,-105.589408
18.013344,-106.571013
14.996904,-115.052797
14.753402,-101.041550
15.124660,-104.549618
17.501898,-105.989414
17.284878,-96.596824
15.862122,-93.851502
16.701525,-96.736950
23.189396,-102.146042
20.015834,-110.521204
16.884463,-101.548098
22.817635,-93.170958
27.238342,-96.743387
25.409732,-112.437722
21.058116,-105.568266
26.227673,-105.180950
11.929367,-106.428612
22.352149,-107.985615
28.088720,-101.174285
24.824967,-101.155686
17.735366,-109.112925
28.217501,-105.667001
22.074109,-103.592533
25.211681,-104.755319
29.907787,-96.474796
13.116202,-103.475431
22.588242,-106.662378
17.438826,-101.628855
20.925905,-106.769990
18.470179,-99.891715
17.016760,-99.524038
24.089256,-104.889332
24.900970,-109.317374
19.557662,-104.661602
19.299137,-103.264487
14.623293,-101.890347
25.934668,-104.543352
23.017748,-102.089310
21.042854,-99.343380
16.083322,-96.964639
18.530989,-100.452065
20.707143,-100.896966
22.035032,-103.395205
14.650712,-96.622343
23.220178,-103.231846
19.062782,-99.636343
15.581663,-98.621914
24.751668,-97.591574
19.080541,-98.928391
21.281749,-105.467090
22.911511,-98.003837
20.797854,-106.139281
8.367514,-104.352389
19.350312,-106.487441
20.182199,-100.717768
20.727194,-97.762084
20.694663,-93.170059
30.717740,-101.862533
24.284116,-97.490278
29.293537,-110.293864
12.776377,-99.529708
20.277810,-100.991196
21.981219,-105.482781
19.419556,-109.091836
19.085412,-104.850769
22.465611,-105.184197
21.339481,-105.472195
25.760615,-108.355023
18.556707,-107.426697
23.347374,-107.543578
17.282024,-97.274249
14.275811,-92.796729
23.051248,-112.535238
20.553365,-100.901925
26.251582,-103.535299
24.810420,-99.538394
28.608754,-101.835490
22.332798,-103.005430
16.141058,-107.104751
18.832920,-103.552909
25.203323,-99.483698
28.320683,-99.006858
17.953201,-97.553716
16.305645,-104.856363
27.381760,-102.076159
20.616368,-99.838610
18.910658,-104.619544
17.432750,-103.855296
24.528917,-107.589339
17.703727,-93.348262
21.683988,-106.779958
35.627011,-116.854966
27.672654,-99.273190
20.532930,-95.441467
25.878508,-102.993669
8.912845,-107.895761
17.489607,-98.535281
26.838128,-105.456348
31.377969,-89.723472
27.246875,-124.193068
38.708766,-122.648652
29.684019,-127.261144
39.000207,-122.420181
35.854178,-126.789525
43.568969,-122.744241
33.856246,-123.675743
37.746211,-117.905664
40.820564,-122.948234
35.676349,-126.365042
44.503927,-116.364690
34.858363,-124.324740
31.458603,-119.086953
41.170852,-116.831743
26.510663,-120.197623
31.501397,-111.123006
35.405849,-121.800323
38.117938,-124.707700
46.132862,-120.700065
35.179441,-111.651955
33.262891,-111.745022
42.657475,-116.908250
37.130020,-125.066930
33.557591,-127.267802
41.569159,-124.876605
35.049293,-131.337006
38.688962,-133.587937
49.249651,-124.557515
28.087118,-122.260384
38.115781,-114.817699
43.297429,-121.532802
22.555045,114.713172
29.218445,111.403771
14.685160,121.060389
24.881992,112.977308
20.418323,109.802591
23.364041,107.096657
23.588833,117.451522
17.987793,112.986526
22.759138,111.704142
21.154282,118.470619
19.124851,120.372267
28.028294,113.595007
22.289373,110.426907
22.419418,111.540592
12.921114,109.190170
23.258901,105.940704
22.068694,108.638313
24.460110,116.743786
20.392867,120.929883
27.511670,125.055969
22.932516,112.594613
26.373130,111.685218
23.762868,113.595864
25.351169,114.563548
24.428873,110.793552
26.851778,104.500062
24.674191,117.791481
16.765159,108.505668
31.390310,116.978954
24.821781,109.697966
19.489583,114.623126
27.471285,115.982270
32.857868,103.809154
20.155225,108.517661
16.600500,114.047377
30.230072,119.169929
17.841883,110.954477
21.865152,115.248879
29.314339,111.661605
24.954725,109.394057
18.759421,112.181433
25.601800,109.944651
28.617408,112.746893
21.773821,110.950511
12.834439,118.102838
20.663510,107.387383
14.562709,121.517501
21.566601,112.062312
30.028289,114.820937
17.660802,122.485134
19.025240,103.904935
18.710293,101.526975
13.936946,112.779066
15.277111,112.990749
9.875123,109.011119
21.272958,112.438908
24.856599,105.757222
19.970954,107.024484
25.368202,126.907321
27.801204,112.735498
21.434911,113.473102
18.028577,110.189752
27.555753,112.757115
16.797337,117.757074
21.340397,114.130099
19.231611,123.808565
24.887044,111.446345
11.279726,105.127565
22.355889,124.387874
23.023786,109.215663
22.178256,124.589479
20.779380,106.716260
20.833277,113.816926
31.275043,116.441941
22.698653,117.653256
22.581826,118.209741
34.511922,-81.035613
30.895448,-70.083360
42.993899,-62.899672
43.365088,-82.060302
37.706779,-84.452706
37.372948,-77.214047
35.765681,-85.006343
32.692677,-80.933669
37.482093,-88.551264
34.523634,-77.408480
29.736551,-84.604640
44.602367,-71.056002
35.239264,-82.097405
32.245814,-79.328970
36.905862,-87.953300
37.614968,-69.755066
43.429262,-78.186479
45.073121,-84.871775
31.688699,-79.138723
36.673500,-77.528928
37.021126,-82.428284
44.736131,-77.015505
25.436302,-88.020097
29.168554,-76.854062
41.080221,-76.116497
38.726899,-85.808964
30.542302,-76.235217
33.154477,-85.686627
27.899206,-76.586872
30.611377,-77.606256
38.281019,-82.963021
36.785633,-84.191420
31.807564,-85.960066
41.446168,-76.184220
31.541897,-79.489112
28.485715,-81.982643
39.007352,-83.969396
33.023159,-79.430612
40.480394,-74.033704
30.967413,-74.271353
39.651071,-71.379957
49.182378,-70.297898
28.883202,-78.072182
41.952035,-79.828248
41.567619,-84.694731
43.913057,-76.741110
37.583297,-87.586937
29.393125,-71.498683
36.038470,-64.872865
38.486748,-73.827808
36.220788,-68.328399
38.584573,-87.556953
43.316832,-82.686969
43.019518,-73.147384
28.999505,-75.440787
32.108976,-78.291741
42.156545,-78.335911
44.791093,-74.002882
30.755082,-86.538400
40.724857,-77.439393
41.498025,-77.234136
38.112003,-75.787047
32.604992,-88.049167
29.442206,-84.188955
30.877517,-80.569377
33.863747,-83.057875
32.866985,-79.190219
43.708089,-77.705351
41.979621,-81.272569
37.040355,-74.278200
39.629507,-73.571691
32.920560,-78.259976
42.070838,-77.193101
38.658728,-80.781332
28.249803,-76.428221
32.925567,-78.931012
38.098885,-80.727210
36.075410,-78.166804
42.703041,-89.747891
30.855607,-78.742763
35.892207,-72.437961
33.616186,-71.746208
34.473813,-80.926080
20.859520,-77.906173
32.808181,-80.501247
37.018361,-81.279689
27.740188,-81.706195
34.831671,-79.869367
39.588766,-84.311776
39.019765,-80.252976
32.497649,-82.728347
27.483622,-79.648558
37.710547,-67.548871
42.388689,-84.102433
37.762929,-81.433258
39.890937,-79.579780
37.566491,-69.884984
36.357939,-77.114163
36.254180,-81.791127
38.549779,-78.561860
36.652514,-82.713423
43.428574,-78.092363
37.818177,-83.965441
37.977062,-86.802643
34.813164,-79.099161
34.446232,-84.585220
40.918448,-75.385460
37.911884,-76.988340
33.243085,-79.420574
35.437045,-77.638941
33.156383,-86.628956
38.532572,-93.923058
27.884435,-78.055962
39.805009,-74.096388
26.131305,-77.214194
46.193705,-73.675757
42.355111,-75.156627
35.878492,-78.723325
38.194056,-81.402126
43.294104,-78.754875
34.467885,-78.513248
30.668609,-77.841437
34.055750,-87.354116
31.461836,-86.590791
34.313828,-73.752236
35.192442,-83.899732
35.354943,-83.884987
33.726973,-85.560988
33.341455,-74.215473
29.354767,-83.759312
40.631796,-82.607553
35.429867,-73.760508
38.616577,-86.086059
40.984492,-84.357366
37.032124,-85.513478
37.396584,-81.974772
37.142380,-83.581381
32.542817,-77.683448
27.129116,-75.951433
40.804792,-87.940122
42.421540,-75.445355
31.124161,-81.351057
40.591329,-78.894663
33.846158,-81.946794
30.213864,-78.197706
46.118046,-70.681570
39.186975,-80.509534
32.130864,-67.733511
36.720699,-77.307173
31.568800,-73.795899
38.650796,-74.079421
35.295065,-79.351832
34.516580,-74.497807
23.331518,-74.644308
41.920705,-76.403057
34.269519,-73.840934
38.848088,-72.933567
35.256966,-73.153920
38.768524,-80.987252
30.885155,-68.161219
38.883974,-73.563520
28.306847,-86.452921
37.212768,-81.537307
41.629509,-77.185648
39.342635,-75.157720
37.625185,-75.579886
36.565835,-73.804717
39.230398,-81.174935
35.141527,-82.283363
30.030779,-80.352027
31.151767,-80.801181
38.704901,-81.388136
30.871834,-77.824501
37.586824,-87.375211
38.019969,-82.106101
40.881569,-77.966955
38.312882,-81.478848
31.351152,-83.159710
34.937985,-86.198330
34.252240,-82.252066
36.628447,-77.648304
36.010359,-76.984062
38.818499,-72.100520
40.433816,-84.258092
28.228226,-75.806483
42.472586,-82.493242
38.038379,-77.983893
34.005771,-84.595934
36.701414,-78.265571
34.783080,-74.377818
30.084882,-77.949937
35.300223,-79.822872
34.220857,-70.230094
35.100667,-77.039609
42.857882,-77.099737
32.559804,-89.005242
35.065303,-79.825045
35.122968,-78.733755
30.710842,-80.072097
41.571538,-85.782275
43.607118,-84.880469
41.280314,-73.190302
52.320697,-79.315659
34.420551,-70.079451
34.164171,-77.718369
40.904469,-74.919892
38.424829,-84.379770
41.210054,-85.629662
33.178822,-88.350371
28.917072,-79.436194
32.895961,-75.910203
46.056440,-84.618806
36.674430,-80.260878
30.481717,-86.471489
35.993056,-72.504993
35.128172,-81.955878
38.812892,-78.306601
31.859678,-80.040285
31.696340,-79.270279
36.954586,-76.347188
32.263503,-80.513488
37.317811,-72.090054
43.938280,-72.082458
27.172666,-79.620408
40.078613,-74.835790
28.116343,-76.664193
24.486097,-76.580973
36.195665,-88.277542
33.243267,-76.670338
31.900728,-78.991577
31.882926,-83.045195
28.841452,-73.369560
37.708082,-81.247050
34.167210,-80.316668
36.434553,-75.977382
37.085227,-73.210425
34.003826,-86.479149
42.936847,-93.514045
31.760571,-80.590581
38.098614,-73.320638
41.040060,-86.741263
41.100757,-67.831158
29.613473,-85.496401
44.387952,-91.324683
34.566970,-76.889201
34.586477,-72.155292
38.647164,-71.252983
34.473738,-88.645075
28.284054,-79.143438
37.634409,-78.414240
43.510325,-79.890659
44.385298,-75.018451
38.361430,-71.035639
34.491171,-84.826172
37.994496,-78.218074
35.741237,-83.475009
40.239975,-79.518506
41.133742,-83.948806
35.349466,-80.870384
29.968632,-75.530767
41.537293,-87.815631
30.582273,-77.794481
46.122226,-76.663176
35.109270,-73.964668
32.794703,-95.599674
35.212293,-85.051258
31.341654,-82.847523
39.279857,-85.849883
27.238165,-75.851429
39.561839,-71.023610
42.401323,-77.574074
30.946999,-78.516530
39.442351,-75.328314
42.333094,-76.723587
34.185194,-84.054720
37.819160,-77.376947
34.615771,-81.552503
33.283988,-80.676814
43.191535,-78.114445
35.591876,-71.608102
44.551996,-81.128091
40.535988,-81.463910
39.302584,-70.651423
30.658368,-90.719354
37.972832,-72.362954
32.988536,-82.158366
35.842061,-71.245255
36.979882,-75.440281
37.395792,-77.060398
38.086206,-81.348451
41.256232,-79.460628
35.344959,-77.519799
36.806837,-79.893112
34.290277,-76.082039
42.161632,-87.206055
34.254658,-84.173906
40.828640,-79.539363
41.347535,-76.232359
22.664532,-88.098828
44.767373,-75.777909
31.857860,-76.851088
34.448396,-79.811963
37.850291,-79.013721
39.746119,-83.618409
33.117432,-85.508427
43.275779,-78.063873
34.881992,-77.869025
32.253870,-81.036837
41.691090,-77.177788
35.881040,-72.530118
32.402012,-81.382835
39.204628,-76.514749
33.713988,-74.518015
33.766808,-77.383681
39.934288,-71.267295
41.843350,-74.487635
45.238866,-80.671182
38.516771,-77.907666
35.658650,-76.327761
40.594076,-79.671569
33.338661,-81.022436
43.684018,-80.255663
32.118905,-82.331804
39.468010,-74.614153
35.306852,-65.116195
36.255704,-78.152177
39.137284,-77.020333
35.269037,-81.646198
40.107627,-82.315651
37.595592,-80.219642
44.046340,-74.316833
36.331607,-85.650109
40.695122,-75.171370
38.164937,-76.561324
30.761665,-75.972005
35.877988,-80.071023
36.098618,-88.066758
35.205943,-83.016794
39.702506,-84.312418
36.591955,-82.769555
36.357963,-80.336540
33.010697,-74.720881
37.970168,-82.621329
33.110301,-80.855914
31.992773,-71.946336
34.702236,-80.831575
38.016034,-65.517607
31.072527,-81.835413
32.764448,-77.020289
34.286757,-78.445293
30.342593,-87.215962
31.419319,-79.325888
45.118255,-74.540744
31.242235,-89.157159
30.747928,-69.572103
34.797056,-85.072816
35.564116,-74.406920
34.301251,-80.684418
41.317824,-82.044985
33.823266,-77.632594
29.205599,-77.449282
36.334530,-81.658464
42.761873,-81.531926
31.740850,-74.534064
40.188470,-70.895696
29.322648,-81.878532
34.499736,-78.978687
31.536584,-84.353986
36.171103,-78.040407
44.526447,-74.864301
35.754388,-80.530624
36.001249,-80.958883
43.205037,-72.671526
26.837364,-68.139740
46.562603,-79.386858
31.497898,-78.630747
34.711079,-70.954453
42.533677,-76.765510
29.836845,-81.085522
31.411268,-72.721621
30.561943,-80.537383
30.707293,-80.130486
35.302348,-86.402626
34.001233,-80.555488
36.097985,-83.259534
40.396223,-78.957832
33.205400,-72.828630
33.765323,-82.957084
38.116772,-120.711823
33.011685,-126.079785
39.539586,-121.755315
22.197598,-83.925810
26.032170,-94.549145
21.230130,-85.487616
27.261169,-84.609936
28.781025,-84.691887
34.754532,-81.581729
23.360998,-75.079815
20.175779,-79.158999
38.509593,-112.742578
37.038876,-127.333943
36.393141,-123.418106
40.490447,-118.813755
34.649651,-121.182983
37.656386,-129.454957
32.465580,-116.392246
33.117561,-126.867027
29.995911,-90.795122
30.189976,-79.973500
31.081349,-74.372833
33.036004,-78.873110
22.475743,-86.631464
30.407570,-78.832428
36.114525,-81.308657
34.063464,-77.840002
26.938210,-70.638262
40.036684,-71.741381
38.728195,-82.549098
42.830778,-83.855681
41.739408,-74.884190
35.646166,-121.827022
33.418959,-124.382155
63.648720,5.424359
53.377016,1.351084
54.330377,13.427372
58.294266,-2.706879
59.229849,6.535413
47.437816,3.908482
52.927221,8.143020
57.826785,16.206105
52.352997,-3.490631
45.878098,4.951412
66.402362,5.476770
51.230007,4.803584
54.946163,8.253052
43.060400,6.655068
43.464657,6.397562
41.791371,-66.463370
45.748333,-71.992745
41.636908,-69.058029
41.014908,-66.878658
38.568876,-72.710037
41.957731,-69.470595
46.004295,-70.652437
40.922782,-65.097381
48.304030,-70.275463
38.364180,-68.367102
44.983033,-77.950728
40.541096,-67.716280
35.873256,-67.023594
39.670659,-71.327729
45.264798,-69.405535
43.726124,-66.070992
49.203518,-66.818759
34.940187,-73.520383
40.809245,-72.172262
43.282472,-76.914306
32.288844,-70.280877
39.589099,-68.305536
49.331268,-70.351677
39.930220,-69.702454
47.119125,-69.761221
45.318568,-70.858924
43.827180,-73.721708
37.174348,-79.728845
39.717676,-64.614159
43.784146,-68.120012
45.602765,-72.767642
43.384021,-74.140125
39.986412,-77.885520
43.655952,-73.429672
41.852938,-67.822880
49.229094,-65.808753
40.395975,-67.435638
48.038711,-61.661014
36.714968,-66.701369
44.676303,-73.790839
49.504337,-64.806484
29.007172,-62.464664
39.499887,-69.154081
44.538680,-70.293741
43.157838,-63.864721
42.458901,-69.018544
44.815905,-66.343184
41.614509,-68.864289
31.871991,-66.206156
38.158415,-73.344061
48.814332,-66.820903
35.243425,-78.529229
45.114492,-71.014232
44.554570,-66.730262
53.847937,-76.685054
44.596888,-61.492820
40.928368,-70.030652
40.871711,-71.261692
43.970008,-68.235882
45.804497,-62.450691
38.883909,-75.698323
41.350769,-73.116596
42.985580,-68.056398
32.798891,-70.663328
41.441993,-68.846812
46.401248,-73.991675
41.199988,-66.360731
46.256823,-71.861223
38.071197,-67.953775
37.396530,-66.428021
46.807317,-66.336251
34.954495,-71.900915
31.377582,-72.943172
37.705517,-70.362124
38.055014,-72.591593
40.578096,-66.631619
45.044952,-74.259656
42.687999,-75.558265
42.849693,-62.994123
48.851871,-70.178557
39.438909,-65.953820
36.004698,-70.695283
45.388981,-69.350711
48.715775,-67.938857
42.995638,-67.523191
50.305606,-77.409496
44.741222,-69.094384
47.095797,-126.780107
32.513104,-120.837402
34.009466,-128.316609
41.849436,-121.994797
44.027806,-130.904954
36.740507,-115.776244
35.034461,-123.192808
30.453032,-113.858570
35.221228,-122.207147
41.677048,-123.355084
31.913254,-123.964323
45.542204,-118.044227
40.137328,-74.523153
39.648696,-118.100270
26.597161,-82.995942
22.313798,-75.996573
19.918968,-84.042052
30.752777,-87.954984
30.824584,116.941389
29.111097,119.922928
23.764680,119.869438
19.162850,111.615731
17.826489,112.032754
25.883427,107.897454
22.991062,113.179940
35.569937,108.453126
17.180789,113.812287
22.318828,104.221019
18.322565,113.165861
29.295120,116.974611
17.199234,101.343017
31.482316,104.628306
30.870300,119.773182
14.703732,107.969996
13.609949,106.583760
17.016687,109.225259
25.554533,114.437809
20.485053,112.197486
20.584707,99.323248
26.634864,119.532617
20.995396,108.898193
17.829571,123.661056
21.923736,117.563567
15.996719,115.592846
18.714276,113.037553
21.919915,105.387497
32.459079,104.716453
24.465173,121.514488
23.643927,113.713845
24.202774,117.120744
16.258024,112.014839
13.466647,108.388564
25.589637,119.359153
28.518410,112.270729
25.897704,113.997022
23.815734,120.712527
24.410223,109.082496
28.143100,121.118356
23.539005,115.082118
26.052529,102.902771
22.712226,109.455367
25.380997,112.168527
27.066668,104.511345
15.380923,124.933893
17.380616,115.955847
25.380666,118.783214
22.321446,118.742345
27.125725,113.067967
18.067137,111.639043
13.693207,111.969378
25.669527,101.908881
24.849893,121.229445
27.050517,113.234016
22.223871,112.166440
25.454883,114.800124
21.619278,115.589401
24.667608,115.535950
15.516900,118.646738
24.212914,116.125376
22.318385,110.419398
20.361807,111.604305
29.808095,118.353611
18.837417,108.085722
21.706286,116.367994
18.004733,123.385240
20.604682,114.880189
16.895197,114.707418
15.231056,113.892791
18.145670,118.369044
23.751168,114.224303
35.614820,108.702756
24.872650,111.988514
25.364029,111.222621
31.951833,110.633087
23.840057,107.818660
17.749399,109.725897
25.141585,109.319926
23.775908,115.844059
18.193916,103.428416
26.112005,99.876305
27.942957,112.129816
19.966348,113.876314
13.221021,105.632817
33.670269,110.633606
15.045630,107.412686
30.073535,102.321963
29.968824,110.981973
21.593761,115.243924
21.345384,111.163463
24.535874,110.939723
24.340480,106.758774
22.252262,108.425252
18.245502,112.225756
28.530787,118.137631
19.376579,108.146671
14.242913,111.063868
33.594338,108.494263
30.124361,116.238345
17.876538,111.699892
23.664377,111.586251
26.705036,112.967341
26.656429,110.093078
20.146318,116.322967
21.926208,110.948438
20.268981,116.039697
24.250500,106.158930
26.456105,107.959703
22.701456,110.921175
18.768000,115.011310
25.240467,112.489538
23.375576,113.380989
32.781375,116.552409
20.936783,117.500144
17.078221,117.040089
20.363670,110.450347
17.618072,112.477277
20.205246,108.580202
33.316010,119.586614
18.025055,110.861696
32.337732,107.405976
23.847877,117.155856
34.332686,116.835255
34.655908,114.301813
16.946629,110.487176
17.143645,110.602685
31.549204,107.179291
17.339611,112.422824
20.181977,102.996804
26.855568,111.608235
17.286218,120.443514
32.828262,113.708758
21.360133,120.790871
14.991395,113.391271
21.664510,107.663981
27.503679,106.633972
26.336480,112.206207
30.717086,120.582062
15.508380,120.885192
19.118179,109.499981
19.375803,112.682820
16.695788,117.760726
24.698384,112.198305
9.003108,125.666456
19.991911,104.479358
22.462341,109.409150
28.465670,112.038877
20.591951,112.655423
18.471373,106.982414
22.459078,109.073565
20.628445,117.914686
23.555772,110.454822
14.029896,112.032213
16.472951,112.766431
27.944387,115.910974
23.882408,108.139103
19.705463,109.988148
21.138128,111.135451
18.668554,114.044489
27.846810,121.217433
34.072136,110.290116
17.643555,121.234595
27.487148,108.139140
17.947913,105.311760
20.546254,111.813695
27.645925,107.137307
29.166536,112.602985
24.229297,111.399500
18.405190,121.343000
23.080318,101.403574
17.217928,107.962175
29.320176,116.867661
26.087878,113.176897
30.980355,119.286804
17.483612,118.642906
22.676255,108.626146
24.869444,116.079426
14.612037,119.226482
23.159620,114.879422
25.891957,116.126966
31.262708,107.352685
19.614135,113.298664
21.663849,117.184262
23.422187,106.469160
20.613791,119.074600
29.815868,112.291054
33.789637,112.378526
13.912450,109.570274
24.209315,113.359999
30.569094,106.103583
21.393655,114.627268
19.055410,112.684628
24.601959,114.155827
27.696446,114.323132
27.052886,117.320471
27.587649,104.093042
17.470484,112.758994
14.574193,109.151748
25.312333,120.046573
27.108175,113.428609
23.733209,111.173793
17.835780,114.112460
23.419242,115.819950
24.411665,111.255179
27.519843,114.923011
25.698871,113.841318
26.081751,115.229091
28.858671,115.639862
15.583764,116.994873
23.747984,109.502685
27.411815,102.507948
30.906626,108.558215
18.754760,107.313903
20.533561,118.177499
26.869639,114.350054
21.830534,117.829596
25.018597,111.898361
23.759403,112.608429
31.895934,113.521033
31.054897,111.668079
23.319091,113.379183
19.779471,119.094530
18.120302,115.675676
25.287498,107.251760
25.665632,116.300052
22.856310,114.638693
17.198936,118.199473
24.737273,115.102692
34.594882,117.342295
31.996686,108.915171
25.889280,109.239875
20.781553,109.868232
24.630855,112.645744
23.224401,112.074633
21.933567,109.719308
22.763531,111.003450
25.084964,104.512420
21.763428,119.065853
29.664800,118.764197
28.851185,108.102311
27.134879,110.875018
21.365596,111.203061
25.942080,113.346753
27.924011,118.978848
16.319532,102.686093
22.272958,110.500074
20.123561,115.729504
29.647922,109.888739
18.923512,103.021628
27.703595,122.580933
25.370948,109.186785
25.094662,116.365163
23.480964,118.254800
15.836992,119.598952
34.569662,118.403755
28.787853,119.647062
21.946427,107.881769
19.084848,112.647179
20.651081,113.370381
24.729143,111.558111
18.022208,115.234155
27.377571,113.979932
21.932733,120.814506
25.579942,111.011515
28.776432,113.743293
29.716251,122.422726
11.664721,114.479571
24.818049,118.809794
17.322427,110.592858
30.338082,116.468899
31.038066,113.486978
33.811834,110.258794
15.282283,115.324923
20.031976,111.188901
22.722424,116.838839
21.767960,114.861351
25.224759,111.133093
18.221954,105.909515
12.214612,105.656251
23.404004,109.685455
24.806346,103.701031
24.897587,111.372461
24.267422,111.675376
24.913024,115.384916
28.136214,110.695100
26.968971,122.218004
20.826195,113.970456
24.366982,110.672178
28.381092,112.901491
22.510178,111.503154
17.258012,113.470460
17.312621,101.975622
22.490336,111.463306
27.578398,115.095559
24.581784,116.969158
21.564293,115.883373
24.290325,105.133181
21.325696,120.450008
28.537975,116.046970
25.119947,104.617493
24.599276,114.696139
25.686297,106.320586
20.416643,109.279915
25.106075,112.913846
18.083885,115.376674
17.529637,110.931034
18.706646,120.134172
29.375755,113.655438
20.757553,123.106529
20.252991,113.886260
26.272943,110.017317
20.567811,115.010006
12.668464,117.466345
21.677052,113.990865
22.217459,115.228161
27.656858,120.784873
9.757083,113.442922
30.262318,116.049817
25.686256,114.508531
5.114139,119.476055
25.906447,121.454232
17.890663,107.272909
23.152192,115.438775
27.680707,108.080342
27.951255,111.874364
20.611997,111.353555
29.188825,122.727864
22.128583,113.927028
31.985138,117.096594
23.673326,109.748729
23.828021,116.551242
26.452032,119.707206
24.071927,110.024464
18.001474,107.589430
26.051483,107.394761
25.779803,120.329479
21.540925,129.875882
30.687434,112.214002
23.943495,106.150647
21.044835,116.576540
16.574095,114.479551
26.878406,111.818977
27.394139,115.449080
26.159528,112.453257
30.547514,116.561606
21.500568,108.248062
29.550887,104.414191
27.170521,111.509026
14.453379,119.540958
16.850159,119.468626
16.876617,112.261110
9.509462,110.664641
23.562115,103.940708
21.109963,115.405692
21.062361,113.381881
24.422558,113.133949
25.081809,114.140035
27.087275,116.038269
29.935546,114.956320
29.833493,119.984650
26.854699,109.091867
15.460289,118.516386
26.408501,114.781372
22.621298,117.355017
28.758090,123.488581
20.214194,116.996244
29.077264,112.649974
19.436256,114.457137
25.226961,109.262629
20.762753,116.636156
18.952988,105.308762
27.783600,121.021619
21.751743,120.441472
24.234071,119.992687
24.463403,117.248913
22.016467,103.564400
9.832021,118.623243
21.295432,106.337035
20.645242,117.986583
23.199437,108.359401
21.614562,124.947706
21.373064,117.151997
25.578710,114.078267
26.366764,121.073349
19.556398,118.577880
10.934812,117.351586
27.201016,106.420064
25.489196,114.966152
20.239407,113.493622
18.453012,112.744305
28.641550,105.607866
17.844778,110.901304
25.010580,111.302796
25.636504,104.194806
28.372496,111.922232
20.848968,120.192390
21.745482,117.313382
27.880092,113.096158
23.764078,102.763832
25.494428,115.923423
23.801591,120.230933
31.091663,109.137425
28.351643,117.535400
22.339771,112.369997
23.693398,120.382178
20.738198,111.322692
28.019031,103.037807
22.281331,106.059067
14.536241,113.745606
10.341722,113.645146
18.699954,112.176380
25.417930,115.575618
28.937499,118.733471
29.944270,119.144266
19.463241,117.449998
24.594737,102.712100
26.364488,112.881229
26.014098,113.670536
23.210612,102.270434
16.734652,102.212925
19.687521,116.078465
22.893757,112.332042
16.332098,115.517474
26.527994,117.102303
13.643439,113.801415
23.173099,117.900728
27.082575,113.416165
26.499605,122.068445
20.262355,112.499843
30.616596,116.704764
29.145924,110.527085
32.881676,115.977838
10.250337,111.791387
17.751244,114.007830
23.166575,117.160896
21.764089,109.953971
19.978179,111.523099
24.753992,103.140307
23.170988,117.097841
22.738500,115.925264
20.571331,110.409969
23.892879,112.216521
22.421321,119.194363
22.866927,116.282116
25.520735,106.235365
22.406368,112.293485
12.383472,108.968444
22.889904,118.547447
17.962781,111.306376
27.919274,112.755039
25.153497,121.022963
28.083245,111.900422
29.946869,115.752144
23.794069,118.534864
24.120809,114.125321
15.449071,113.537301
23.425172,113.617549
21.401512,118.385625
17.322328,115.838025
20.363845,117.044512
22.792562,115.934620
30.005053,118.713679
29.770332,110.143575
25.808037,110.321293
34.690068,113.126215
26.057945,123.274272
27.902870,112.304064
22.913232,108.882150
22.204373,116.601946
22.734311,110.629104
29.508685,116.173850
11.047200,110.554335
18.144665,111.147631
22.211633,119.098565
13.633445,111.862420
25.892087,115.782152
18.454256,108.872221
17.938033,112.388956
29.546401,110.696356
22.964017,116.746056
25.166688,114.085549
25.466544,119.083770
23.143669,116.332921
18.061968,103.547216
28.528600,108.420644
26.011998,113.390912
23.930832,110.755227
30.992731,110.858940
20.573158,108.911410
28.503844,105.176448
27.879099,113.058229
26.712339,110.126812
25.503778,107.164971
18.536554,117.860849
18.817690,113.433444
21.961560,111.001663
27.810568,106.333286
25.262344,118.141638
16.538503,112.296129
23.763238,111.027647
25.187581,113.471577
33.619728,122.630106
17.329492,108.345713
29.634644,113.350156
23.585926,109.406120
29.435968,108.449211
21.322999,113.203299
19.791452,102.527888
21.152566,117.994289
26.055966,107.645012
17.785762,108.267853
26.920079,125.784277
23.523304,111.261874
32.049506,122.111810
22.365839,112.315106
30.121946,108.357910
35.934909,114.260164
24.291492,111.425853
25.552636,112.842084
22.124523,122.487481
21.288857,107.607491
27.807394,114.270823
21.869959,124.019631
15.706292,122.111450
11.969939,121.387439
24.528322,100.490052
28.088592,120.434292
35.196249,103.314768
25.965736,120.368684
22.025016,106.624668
27.086652,116.615432
19.737226,112.355430
24.734901,115.649718
11.509244,117.924516
18.822806,120.377405
23.518384,116.823151
27.404038,118.727678
28.344167,117.305415
20.297162,116.115209
31.004308,106.628568
21.298265,117.015899
20.870473,107.742614
20.980016,100.886158
19.867465,113.697568
16.062688,115.463513
26.953041,110.386837
18.810610,112.797601
26.183908,113.294039
23.864403,116.335804
25.752558,117.269932
23.634046,111.846281
21.701400,107.976418
16.854763,110.616754
20.705236,111.101531
26.866551,110.594158
27.368726,115.609620
14.967542,110.453652
17.546668,112.044062
20.764253,110.977738
18.102155,118.664421
24.869180,114.933207
23.092771,117.759587
26.890217,114.223032
22.517564,109.542050
25.571188,106.592759
23.510813,114.549623
29.901843,109.988425
26.924873,115.475955
24.957691,126.991317
27.204834,104.960184
22.989959,117.536393
18.946217,110.571186
25.783883,112.872875
25.422617,112.868036
25.742322,113.652697
19.477348,118.906064
25.583765,112.339339
19.640134,111.147167
16.033336,127.225999
25.787129,113.298357
25.938631,110.037445
11.659176,108.861411
7.563946,115.711715
17.246451,106.134644
18.533756,113.587718
26.902358,122.356103
23.263938,119.779952
31.777079,108.631226
17.895382,116.351412
24.135523,103.140497
31.971844,109.730167
19.581950,120.803762
28.840112,115.148360
17.005784,110.380495
24.951060,116.084600
23.911674,114.192120
32.657963,111.767992
24.126665,113.547282
16.553521,113.897988
30.785790,113.163106
23.814520,116.366459
17.152534,111.713308
23.069637,111.054276
24.241321,109.427509
22.484924,117.119568
27.257608,119.632743
18.950402,113.509119
29.513375,113.273599
24.383927,116.649561
19.225556,113.636764
28.524803,114.522174
19.432629,108.006963
20.420928,113.737759
20.422687,123.920816
10.436155,116.391751
20.219968,108.705260
21.404042,105.967635
23.885253,117.748213
16.707623,124.711972
21.054472,119.309792
20.445647,110.586714
31.675985,121.557720
22.016454,114.524614
19.351673,112.433384
17.365546,110.026705
25.688089,108.721776
24.550701,114.584653
16.209389,119.457608
15.840978,115.220231
23.371199,112.613438
25.002706,122.384309
21.221616,112.400944
12.889900,113.807280
20.844434,107.723950
26.642613,105.447166
24.269783,116.115365
26.143978,110.835541
25.510250,114.728277
20.225295,112.991950
25.912833,117.545926
29.283731,119.777384
18.134301,118.658927
29.036190,106.772435
17.461706,108.662703
18.436915,117.893021
23.641940,116.046022
18.354518,109.077857
30.269171,116.778216
18.240230,111.192830
27.434478,113.449313
3.720674,108.276413
9.604420,108.308612
8.069830,100.621092
7.908423,95.042458
-0.451109,103.284991
-3.066497,98.084288
5.943117,93.008546
-0.952436,95.323157
5.723641,93.611756
6.581567,104.382026
1.455128,102.879659
5.487126,103.775156
-3.373994,98.882230
-1.183764,97.382531
-2.956244,94.622621
-0.541595,102.459941
8.026717,103.194054
0.662758,102.656066
1.471415,108.073499
-0.106828,100.901123
2.848806,98.571511
4.028785,103.555115
9.323788,91.151795
2.063197,100.686702
10.779219,93.227070
10.689664,100.731552
4.670608,99.378056
5.727733,95.393821
11.077211,101.640467
5.115259,104.937829
8.433897,102.945567
7.621114,106.150363
4.477188,98.066627
10.747903,101.351357
3.301425,91.708278
8.080682,98.192325
8.368682,95.925445
9.246192,97.863693
11.051653,103.726880
7.708052,100.474277
-0.599842,101.762782
5.995781,93.573314
3.963564,103.142245
8.610411,96.186108
7.715914,102.610510
1.386420,93.803157
3.488269,95.645621
-10.435215,111.680409
5.850953,97.964431
-1.013561,98.325451
5.126655,98.048527
-2.910478,108.050490
4.808762,105.992596
4.297838,108.190447
9.400085,97.757543
6.976901,94.607833
1.184917,113.699448
10.463735,106.193612
4.397130,104.581401
7.862285,94.683754
5.642621,97.052533
6.585837,94.783820
6.684088,92.936558
-0.521893,97.360047
5.985238,100.902561
3.852406,96.101184
3.701974,100.611739
13.461515,100.171506
-2.687646,96.389139
0.254198,92.463540
6.190257,97.409870
12.023541,93.766428
11.616739,95.097725
6.025993,98.516173
8.719899,97.194810
4.314757,101.710370
10.374657,103.171206
6.867168,103.924858
8.351811,108.753253
13.267010,102.038538
8.002856,101.435570
10.801572,97.097291
-4.741223,104.975122
4.673028,96.651022
2.959810,90.514902
4.006355,107.730807
-5.170081,103.755891
11.617363,93.045924
5.645011,102.879720
1.621450,96.081278
4.196498,103.418106
9.332078,100.324106
7.147442,101.664032
2.968962,94.520811
7.942498,104.683887
12.101238,99.180829
1.996296,107.111717
2.514456,102.294194
4.696780,104.134307
1.207474,105.417058
-4.309021,113.793088
8.569868,103.271854
5.543847,108.810022
7.374798,90.826854
5.649436,94.016304
2.453209,88.278304
-4.683703,102.238666
-3.016015,106.343620
7.880986,96.496862
10.516264,98.401179
0.766245,103.434077
0.155089,98.976417
8.005542,98.368000
12.031426,100.680424
1.332452,97.931287
12.023372,92.000513
2.605224,99.584919
-6.840646,114.320092
9.285356,99.647927
7.227324,103.804017
0.880921,101.143089
8.990900,100.580881
11.550629,98.057175
6.097580,93.666187
1.348410,97.970504
0.345901,99.289024
0.496515,99.909350
6.596965,97.961136
8.055102,99.569156
-0.109702,95.581639
-0.944920,103.953715
9.506339,91.856607
-1.251048,93.592724
8.249548,105.928227
0.001873,95.769913
10.645313,96.949793
4.660042,94.152247
4.860118,97.481888
-6.147804,98.445692
10.214852,106.367352
4.161033,112.501047
3.222442,99.437505
1.733771,96.542548
10.862847,95.591380
5.261733,97.068141
2.988175,99.976548
-0.028432,98.846247
8.249421,98.662506
11.893964,106.713751
5.619394,101.689465
5.691157,99.289205
0.453228,100.777598
10.263801,104.246550
-0.522564,96.917775
9.345194,105.393414
7.488685,103.974159
6.407102,97.541775
0.317601,106.441986
6.391852,95.363316
-0.527489,106.796292
0.714662,101.495209
4.199334,99.858849
4.235013,95.358273
4.752842,96.775347
-5.396184,100.430284
0.393820,104.090022
5.082462,96.279354
6.930820,102.475876
7.845048,101.934528
1.878170,102.472993
1.471394,93.415483
2.371410,99.454204
2.579713,100.088710
11.391619,99.729132
4.500454,101.469344
-1.057017,101.859279
6.459934,90.943920
0.345676,94.425936
6.985496,92.675377
8.055997,93.195874
11.709409,102.265315
9.775473,97.604891
7.550293,103.666191
11.880767,94.445031
8.923337,101.900277
14.363064,103.041939
13.040824,94.442640
3.560027,104.659544
-1.003310,97.837154
4.644606,99.151163
1.234315,106.554012
13.274290,102.934178
8.078500,111.035121
-3.101847,105.649867
-0.279897,100.927266
4.940480,98.768662
1.454679,107.498615
4.890800,101.478967
7.606133,98.587683
2.213786,92.378571
13.808166,91.474074
19.835419,106.194487
4.899228,100.722732
-1.037861,103.053743
0.261441,93.659352
4.469812,101.041704
8.589017,106.986564
6.965303,104.423383
7.473560,99.198919
2.662885,108.369077
-3.974812,106.365073
7.346689,95.732362
3.468908,101.877203
9.225684,102.018532
7.344916,103.582304
6.169724,102.682792
3.667798,104.239387
10.466381,96.759808
13.221316,111.931690
-1.229094,93.531874
3.461233,101.494768
9.079607,101.440784
0.691823,97.024714
2.075054,96.889456
3.549004,90.395843
4.896771,102.226983
2.428167,106.796758
-1.594502,103.477926
6.816832,101.220756
1.630003,90.770001
0.763779,94.425579
-0.661484,99.443042
5.154986,103.083625
3.521991,93.247208
4.283858,102.939790
5.633713,106.424905
16.631095,107.221447
9.383872,86.304010
6.062804,96.967781
11.518982,99.625324
8.448006,105.808078
0.386758,93.077186
-4.620623,111.430644
13.657805,104.679512
2.645443,109.325174
-0.511695,104.953820
2.922998,104.279080
7.360538,107.258030
-2.971392,104.184262
-8.690325,102.549100
0.295276,107.339909
3.616666,94.971922
0.501418,97.970592
0.726112,97.384454
-0.027172,95.874255
-0.870098,105.217672
11.120785,97.400116
6.278546,98.891687
2.307667,98.023222
3.212855,100.680642
8.850006,111.616355
-0.586666,100.920840
6.759639,102.874687
-1.019362,101.064385
7.576435,104.464352
2.692204,99.721539
0.793402,96.127392
1.399229,100.795672
3.837224,106.481402
0.434433,95.316605
3.987793,100.709730
-3.502211,100.231125
7.776766,100.298951
5.453698,95.766035
0.414427,99.798245
0.067813,98.854336
11.001300,88.437086
5.220431,103.185419
2.448384,97.203705
10.598637,95.903434
6.689508,99.836551
3.260513,99.337610
4.777269,103.256344
6.326068,102.789457
11.788904,97.514022
4.611741,106.654314
-2.218699,89.242694
5.128834,99.899522
4.110463,102.403133
4.296880,102.604024
11.598635,98.329212
0.158943,107.859329
6.245788,104.222131
2.339377,102.137097
5.587716,89.056638
6.031427,93.237970
3.476857,108.686162
-1.487811,94.204260
5.226634,103.633495
-2.928623,99.022632
3.318237,110.505654
0.770123,100.180785
6.283620,97.589530
7.550318,94.930537
6.556868,98.972911
3.885663,98.627557
4.137334,100.839358
5.165257,101.189470
-1.474569,102.569134
6.691500,102.155518
7.039061,105.808482
6.062578,103.682778
-0.473818,101.614813
3.872903,95.170617
-5.576220,107.316988
9.239982,101.290541
5.678990,95.616510
6.104382,105.024122
11.527725,100.704241
9.144764,111.025393
-5.109733,103.429716
0.410036,100.829397
4.684207,100.656114
8.751875,100.020701
0.766137,92.816742
14.208153,104.902082
4.766020,110.513645
0.072681,97.437854
3.155803,97.506768
11.435990,95.445919
1.850503,106.287331
10.089127,96.408005
8.044501,94.637087
-0.798604,99.106040
8.759714,99.010188
0.798281,103.074887
21.941526,99.578861
5.147869,94.405346
5.529224,102.008373
2.532931,91.011433
-0.878344,96.550342
4.052472,105.935535
3.323915,106.086357
13.374094,95.848972
11.244141,103.039014
6.853497,94.584442
8.333033,97.835392
-6.414555,99.933605
9.226351,92.908105
10.002588,101.665556
9.408587,94.476600
14.276556,93.089042
2.663255,100.668461
-0.488414,97.963528
10.565013,87.956772
6.470758,104.669932
4.873313,104.941222
-0.014853,105.582472
-5.398937,97.537712
3.588085,98.156783
5.074471,97.847851
0.441865,101.304156
0.754225,100.665700
8.165547,101.242579
6.403647,97.769320
3.945673,104.973906
11.673336,96.707309
2.737196,101.899641
11.266110,94.435082
-0.045417,96.820225
3.131853,95.547126
0.699660,111.108016
7.420576,94.444172
8.358486,96.731884
1.130637,108.367800
4.462270,99.347027
3.413717,93.470195
3.634399,101.110494
6.740593,107.724080
7.977613,95.383124
3.177236,97.492664
4.665261,103.975476
12.839207,100.869354
2.827034,105.921606
2.268867,103.444703
2.803592,102.595291
-2.651698,96.330452
5.766983,99.941974
4.333387,97.352457
9.264025,99.047330
-2.709481,105.623044
-0.335331,99.668156
8.430063,111.602875
5.256821,112.752201
8.179802,99.820916
0.431165,98.095439
11.435186,100.964901
3.925899,102.001286
1.917439,105.095338
3.996367,103.148812
15.859369,107.939391
7.200036,98.941816
8.121939,89.933414
9.700470,98.536982
14.387656,94.914481
5.561792,101.462472
5.413634,101.991998
-3.326057,99.679440
17.464651,100.969864
4.239892,97.309416
0.602556,97.033786
8.370306,101.324988
5.142070,101.154800
7.187126,105.943929
3.808552,94.338162
62.824309,-3.017343
41.269511,-69.684656
46.818944,-72.731181
33.841642,-64.215214
48.355610,-76.362642
44.827754,-70.236754
43.230195,-77.551776
44.227981,-70.255910
36.042876,-70.649600
45.164633,-75.244840
36.492201,-64.571969
34.235092,-71.234338
43.703712,-74.396996
44.704959,-63.008307
41.724841,-67.257903
43.680179,-74.597123
48.802481,-75.367639
43.024938,-76.067034
38.969505,-74.806893
43.689169,-80.104944
40.306697,-81.923379
43.689574,-68.726580
45.900943,-70.792082
46.912895,-72.828936
50.708718,-67.962094
44.720693,-67.145808
41.664271,-71.042703
38.233359,-69.548225
41.833880,-72.302508
44.228152,-77.087815
48.959434,-80.174240
47.437288,-67.284570
37.354922,-76.844566
37.910277,-76.282933
30.282890,-76.947611
38.647666,-69.404640
40.058027,-74.835400
45.106669,-72.265520
42.788697,-73.049346
43.933049,-68.823144
47.967439,-77.698901
48.678826,-83.223067
41.464549,-72.077038
31.504176,-77.383178
42.448831,-66.770999
33.938431,-78.062741
47.680508,-70.181216
33.156147,-64.945949
46.655616,-76.565625
37.840677,-74.792926
41.395386,-73.218199
40.218170,-60.498385
32.116142,-79.519795
39.810428,-67.309172
40.570851,-69.086352
45.396822,-79.265423
38.933328,-66.319891
38.080772,-69.583426
35.700931,-77.838734
51.585973,-67.664746
40.438586,-68.122226
50.912122,-74.492655
39.258870,-78.635265
40.623004,-80.736643
48.964540,-71.199027
41.134726,-76.428959
37.716042,-68.133937
44.625831,-79.063931
45.037770,-74.361431
40.682328,-67.702915
41.570875,-69.927542
42.232348,-74.553741
43.009512,-71.858330
43.474852,-71.586755
52.310105,-76.018722
41.332095,-69.454803
46.552580,-72.302456
42.025576,-66.968675
29.480250,-71.760232
48.348371,-70.548863
37.372439,-71.473030
47.564678,-74.499093
45.864214,-73.770049
32.380068,-65.379687
51.344317,-74.607314
42.822641,-73.330064
41.138869,-64.850183
48.498883,-75.096572
39.661058,-69.411183
48.364734,-74.730267
35.106951,-78.636634
36.197934,-70.782461
43.516689,-68.604380
47.606704,-69.619289
42.209508,-67.218358
35.143888,-72.359957
36.443097,-67.666340
36.516906,-78.338622
39.232252,-72.789294
42.176523,-66.650594
31.939818,-62.793669
48.730698,-71.602510
40.047584,-73.547873
40.891936,-81.291550
36.445010,-73.167453
41.637681,-65.438143
43.109242,-71.435241
47.208153,-74.452543
40.306118,-69.255939
41.858390,-72.688089
40.801488,-74.961711
39.646392,-75.550261
30.031724,-71.047020
43.798725,-67.884447
40.740134,-75.848636
36.259295,-74.858040
46.030707,-73.685315
45.671309,-69.820288
33.040334,-61.654802
38.067931,-71.031735
49.254784,-82.356162
43.647841,-73.150258
45.059286,-69.706849
39.085264,-70.418693
45.295423,-69.666516
42.355227,-77.515477
37.309373,-73.990561
34.888637,-75.048749
39.917399,-70.190579
47.237426,-64.533814
45.050114,-83.636519
38.907941,-74.712690
43.699341,-74.636026
43.344331,-74.712212
47.673589,-69.281102
43.642448,-67.187896
44.941866,-75.713290
44.169315,-76.299530
51.323451,-60.045823
45.007445,-73.113113
38.228351,-68.997224
37.694164,-71.860282
33.454459,-72.828207
47.092102,-66.862269
59.332671,-73.224986
35.010116,-73.613249
42.098487,-72.686744
45.275343,-65.129619
38.176890,-68.962314
47.143453,-76.902228
38.502849,-70.474233
48.492989,-75.899473
44.423874,-78.548569
45.842099,-69.616825
50.671597,-67.151829
37.583891,-68.018327
41.069147,-71.578212
42.918903,-70.524242
30.363645,-70.936974
40.975005,-73.981736
43.863341,-65.630405
34.683755,-71.657092
35.756336,-66.759408
42.868245,-71.079464
43.161880,-72.663512
42.371230,-69.014848
49.951835,-75.690621
42.462667,-78.679410
39.135268,-74.650252
40.215140,-73.894736
34.309626,-73.376362
34.623749,-70.906957
39.673360,-76.698056
33.966813,-66.199607
41.172585,-66.562508
42.752461,-77.371367
35.623470,-59.924427
37.264760,-59.411432
48.301553,-69.117744
40.327102,-78.805599
38.762804,-68.024825
41.415794,-73.495985
42.889827,-72.012856
44.028582,-66.318741
48.813665,-70.520761
41.494065,-70.396813
37.730281,-69.762302
45.107204,-67.786935
40.957369,-71.241590
37.397991,-82.291177
37.874439,-73.663562
51.115002,-75.951470
38.653196,-71.224692
45.280701,-72.970860
43.687911,-67.517263
48.785527,-70.165094
39.628442,-74.011199
43.727825,-71.171052
36.538476,-69.524319
34.397656,-72.996717
45.060506,-66.818396
42.932575,-69.693352
49.476164,-69.490619
47.816725,-64.967913
43.218788,-65.919773
40.383131,-71.282046
41.795346,-76.688684
45.016532,-75.398738
44.679044,-81.221708
45.734622,-60.944818
33.161835,-67.030008
33.005325,-67.705681
38.834590,-74.923947
48.269085,-63.138820
38.065956,-80.210438
44.874638,-70.923395
41.242446,-70.621181
44.917225,-72.587098
46.655491,-75.631231
44.552334,-81.368437
51.245096,-67.673118
41.860250,-71.216164
40.521892,-79.478442
48.623566,-70.307143
45.645256,-68.650020
42.042145,-67.188824
41.763735,-71.878261
43.736049,-69.997667
41.251140,-72.933863
41.425304,-81.874837
47.371163,-79.125405
44.260184,-77.590697
42.886196,-76.794188
42.773670,-74.350448
37.448321,-70.189987
38.285358,-69.457363
43.780093,-71.334701
42.812065,-71.061299
46.220200,-71.911607
41.145574,-66.417453
32.835060,-66.452224
38.585800,-66.306084
39.238198,-75.597188
43.805742,-72.089647
53.063520,-71.741980
41.998814,-74.553535
48.698920,-76.435364
42.358750,-67.238634
40.406615,-78.905993
40.642666,-69.097284
38.192251,-72.137606
38.509111,-74.122848
39.167617,-73.489575
45.367484,-78.964591
41.614149,-73.821228
45.875693,-67.850659
37.117871,-71.564173
33.503011,-74.713850
42.141938,-67.461624
48.660740,-66.903253
42.623071,-75.017570
32.471413,-67.181098
33.048421,-69.261620
41.513265,-72.647640
47.220337,-70.894372
40.838653,-75.456946
47.218483,-74.551834
42.722868,-62.691339
41.639826,-71.160797
40.898003,-76.750193
34.038477,-59.695784
35.748336,-75.485399
39.460872,-71.540737
39.521845,-74.011616
41.051939,-77.086352
41.655205,-62.392041
43.139034,-74.942411
39.592521,-75.404730
39.789752,-71.636147
40.140901,-77.001970
31.073820,-59.666221
40.659316,-70.374072
37.023345,-69.071633
39.747986,-61.208904
43.269999,-63.766217
40.592874,-67.028972
46.954417,-76.904521
41.862741,-71.644435
46.536019,-80.417654
48.391135,-66.517775
39.692005,-72.129469
41.181186,-71.027799
38.823847,-72.648075
49.617042,-77.196692
39.027073,-79.443660
39.403660,-67.187779
42.015108,-76.590723
42.028271,-72.200343
48.000196,-66.624184
38.706496,-73.230492
38.994153,-55.305169
37.857130,-77.356966
41.090459,-72.967651
38.379811,-72.762243
45.622604,-73.423504
45.018941,-72.191667
34.731552,-70.163662
46.577323,-74.428707
42.998495,-66.360506
45.822691,-76.250200
44.339601,-69.234332
39.380105,-70.074049
46.697917,-73.908465
35.024976,-66.932508
44.090960,-69.087576
31.250397,-74.452370
39.652418,-78.166120
45.180978,-70.915212
49.013512,-71.307532
41.042992,-69.549752
44.855715,-72.852270
38.280469,-70.650029
43.037366,-71.678351
38.762300,-74.074850
47.043437,-80.678200
45.836516,-77.783388
42.075230,-62.328147
43.786977,-74.745077
40.596901,-69.043900
41.326904,-80.909778
33.273824,-72.198031
42.138007,-74.093936
47.516490,-71.424876
38.409073,-69.657718
44.314210,-66.405990
40.598644,-75.576882
46.832042,-68.174330
37.248455,-81.094915
37.885022,-74.657621
46.146946,-66.148797
46.933551,-70.540130
42.584376,-67.751333
44.760134,-63.653909
47.262692,-77.956476
47.998951,-69.151858
41.254180,-71.716829
39.097199,-72.336278
40.159611,-73.111377
39.293861,-75.977424
44.465631,-70.940855
38.048899,-71.677952
41.096367,-75.245592
38.130404,-71.132359
41.911085,-78.449521
40.414881,-75.737609
41.037980,-80.329536
34.083103,-79.999632
36.169059,-81.114975
40.233295,-73.385735
36.614156,-76.778647
34.653727,-67.190208
46.272553,-67.514612
49.386755,-71.258077
43.325241,-71.354859
44.895184,-74.915067
41.940294,-73.736274
47.124478,-68.724984
39.460034,-69.228760
41.095707,-70.439833
44.669741,-74.858651
43.574280,-73.406429
39.559871,-69.041620
46.303675,-65.246055
43.056164,-72.677953
33.128279,-78.003386
45.233530,-75.000136
44.158248,-72.747627
49.952691,-73.518678
41.124483,-66.034551
42.882843,-78.824063
41.322290,-73.100498
49.146056,-67.482515
36.913691,-66.246557
43.119133,-72.568519
52.713456,-70.803734
42.027781,-76.496870
41.135153,-63.418420
38.908284,-63.046467
38.021846,-62.681054
29.966382,-74.303893
38.754557,-67.703143
45.424454,-81.061710
35.575667,-65.545503
42.403906,-67.864502
38.166210,-70.872362
45.064957,-69.160691
45.947671,-67.983937
46.404096,-69.073250
37.645167,-69.806073
37.802941,-82.770245
52.230266,-70.002595
46.078336,-67.038081
42.470520,-69.744263
34.171921,-71.858800
57.788307,-59.567850
36.775686,-70.928882
45.951226,-71.856043
38.002876,-68.617527
44.681184,-62.991222
34.849982,-77.916839
47.351084,-67.542382
49.018773,-73.670485
43.928199,-77.519127
51.499965,-73.524348
37.282745,-66.201280
46.317887,-81.038076
43.756892,-70.417022
40.969432,-64.077407
50.726719,-65.578305
58.089866,-63.289870
43.572174,-70.905596
42.256615,-62.846896
42.322053,-65.169783
45.620226,-67.864584
37.974902,-67.260948
51.803911,-67.472364
42.568521,-75.609223
45.496528,-74.142784
44.260778,-73.630051
43.116839,-75.215226
50.865193,-77.067351
39.065318,-75.261756
50.871567,-79.457307
42.147794,-67.689070
50.503579,-73.930019
35.723433,-66.947279
46.260488,-78.696199
44.803881,-72.241815
42.949266,-77.669794
47.373558,-71.480133
40.961067,-71.422841
43.237509,-76.168590
42.447274,-71.485607
41.428209,-72.452167
34.373243,-74.940043
42.006488,-69.456146
43.759064,-66.847520
44.011060,-78.068584
40.035976,-65.861699
40.873357,-65.273261
41.097477,-74.860747
36.080050,-65.171138
45.963671,-75.207643
42.274154,-70.009770
51.203564,-71.360845
41.186454,-64.574144
43.802030,-64.805522
51.144719,-65.774548
44.605534,-70.298550
45.431901,-72.481383
30.982389,-67.222470
46.119875,-66.448031
43.072592,-66.420064
53.721364,-70.517326
49.709301,-75.017531
39.370660,-70.382412
41.483444,-70.223522
46.484760,-74.967047
47.645441,-79.018608
35.244191,-65.187199
35.795720,-77.756913
43.597437,-67.160738
37.510968,-71.935841
43.613974,-74.381171
41.615961,-70.364389
39.664496,-78.187716
45.949549,-74.851189
44.671966,-68.745239
41.051370,-64.144417
31.355381,-76.047055
46.917119,-64.025849
36.712209,-71.548840
